0,0,255 ,0 ,  175 ,  77
4,0,255 ,0 ,  175 ,  77
8,0,51 ,0 ,  175 ,  77
10,0,3 ,100 ,  103 ,  101
12,0,1 ,0 ,  175 ,  77
13,0,3 ,166 ,  83 ,  34
15,0,1 ,100 ,  103 ,  101
16,0,3 ,166 ,  83 ,  34
18,0,3 ,100 ,  103 ,  101
20,0,3 ,0 ,  74 ,  45
22,0,255 ,21 ,  21 ,  21
26,0,15 ,21 ,  21 ,  21
30,0,1 ,0 ,  74 ,  45
31,0,17 ,100 ,  103 ,  101
32,0,7 ,166 ,  83 ,  34
35,0,1 ,100 ,  103 ,  101
36,0,1 ,0 ,  175 ,  77
37,0,1 ,100 ,  103 ,  101
38,0,3 ,0 ,  175 ,  77
40,0,1 ,100 ,  103 ,  101
41,0,1 ,160 ,  161 ,  159
42,0,3 ,247 ,  209 ,  18
44,0,7 ,160 ,  161 ,  159
47,0,1 ,100 ,  103 ,  101
48,0,1 ,0 ,  175 ,  77
49,0,1 ,166 ,  83 ,  34
50,0,1 ,0 ,  175 ,  77
51,0,1 ,166 ,  83 ,  34
52,0,1 ,0 ,  175 ,  77
53,0,1 ,100 ,  103 ,  101
54,0,1 ,0 ,  175 ,  77
55,0,17 ,100 ,  103 ,  101
56,0,15 ,166 ,  83 ,  34
60,0,7 ,166 ,  83 ,  34
63,0,17 ,100 ,  103 ,  101
10,1,3 ,0 ,  175 ,  77
12,1,1 ,100 ,  103 ,  101
13,1,1 ,166 ,  83 ,  34
14,1,1 ,100 ,  103 ,  101
15,1,3 ,166 ,  83 ,  34
17,1,1 ,100 ,  103 ,  101
18,1,1 ,21 ,  21 ,  21
19,1,1 ,100 ,  103 ,  101
20,1,3 ,21 ,  21 ,  21
26,1,7 ,21 ,  21 ,  21
29,1,17 ,0 ,  74 ,  45
30,1,1 ,100 ,  103 ,  101
32,1,255 ,100 ,  103 ,  101
36,1,15 ,100 ,  103 ,  101
40,1,1 ,160 ,  161 ,  159
41,1,3 ,100 ,  103 ,  101
43,1,1 ,247 ,  209 ,  18
44,1,17 ,100 ,  103 ,  101
45,1,7 ,0 ,  175 ,  77
48,1,1 ,100 ,  103 ,  101
49,1,1 ,166 ,  83 ,  34
50,1,7 ,0 ,  175 ,  77
53,1,3 ,166 ,  83 ,  34
56,1,273 ,166 ,  83 ,  34
57,1,17 ,0 ,  175 ,  77
58,1,3 ,100 ,  103 ,  101
60,1,1 ,166 ,  83 ,  34
61,1,1 ,100 ,  103 ,  101
62,1,1 ,166 ,  83 ,  34
0,2,7 ,0 ,  175 ,  77
3,2,1 ,100 ,  103 ,  101
4,2,15 ,0 ,  175 ,  77
8,2,7 ,0 ,  175 ,  77
11,2,1 ,100 ,  103 ,  101
12,2,17 ,0 ,  175 ,  77
13,2,273 ,166 ,  83 ,  34
14,2,255 ,100 ,  103 ,  101
18,2,1 ,166 ,  83 ,  34
19,2,1 ,21 ,  21 ,  21
20,2,1 ,0 ,  74 ,  45
21,2,1 ,21 ,  21 ,  21
22,2,1 ,0 ,  74 ,  45
23,2,65535 ,21 ,  21 ,  21
27,2,51 ,21 ,  21 ,  21
30,2,1 ,0 ,  74 ,  45
31,2,17 ,100 ,  103 ,  101
36,2,1 ,100 ,  103 ,  101
37,2,1 ,0 ,  175 ,  77
38,2,15 ,100 ,  103 ,  101
42,2,3 ,100 ,  103 ,  101
45,2,1 ,166 ,  83 ,  34
46,2,1 ,0 ,  175 ,  77
47,2,1 ,100 ,  103 ,  101
48,2,17 ,0 ,  175 ,  77
49,2,1 ,100 ,  103 ,  101
50,2,7 ,166 ,  83 ,  34
53,2,3 ,100 ,  103 ,  101
55,2,1 ,0 ,  175 ,  77
58,2,51 ,100 ,  103 ,  101
60,2,3 ,166 ,  83 ,  34
62,2,1 ,100 ,  103 ,  101
63,2,1 ,0 ,  175 ,  77
0,3,3 ,0 ,  175 ,  77
2,3,1 ,100 ,  103 ,  101
3,3,7 ,0 ,  175 ,  77
6,3,1 ,0 ,  74 ,  45
7,3,7 ,0 ,  175 ,  77
10,3,1 ,100 ,  103 ,  101
11,3,17 ,0 ,  175 ,  77
18,3,3 ,100 ,  103 ,  101
20,3,7 ,21 ,  21 ,  21
29,3,3 ,21 ,  21 ,  21
32,3,3 ,100 ,  103 ,  101
34,3,17 ,0 ,  175 ,  77
35,3,1 ,100 ,  103 ,  101
36,3,1 ,166 ,  83 ,  34
37,3,7 ,100 ,  103 ,  101
40,3,1 ,166 ,  83 ,  34
41,3,3 ,100 ,  103 ,  101
43,3,1 ,166 ,  83 ,  34
44,3,7 ,100 ,  103 ,  101
47,3,1 ,166 ,  83 ,  34
49,3,3 ,166 ,  83 ,  34
51,3,51 ,100 ,  103 ,  101
53,3,3 ,166 ,  83 ,  34
55,3,1 ,100 ,  103 ,  101
57,3,1 ,100 ,  103 ,  101
60,3,3 ,100 ,  103 ,  101
62,3,1 ,166 ,  83 ,  34
63,3,4369 ,100 ,  103 ,  101
0,4,1 ,100 ,  103 ,  101
1,4,255 ,0 ,  175 ,  77
5,4,255 ,0 ,  175 ,  77
9,4,51 ,0 ,  175 ,  77
12,4,1 ,100 ,  103 ,  101
14,4,3 ,100 ,  103 ,  101
16,4,7 ,166 ,  83 ,  34
19,4,1 ,100 ,  103 ,  101
20,4,1 ,0 ,  74 ,  45
21,4,3 ,21 ,  21 ,  21
27,4,7 ,21 ,  21 ,  21
30,4,4369 ,0 ,  74 ,  45
31,4,51 ,100 ,  103 ,  101
33,4,17 ,166 ,  83 ,  34
35,4,3 ,100 ,  103 ,  101
37,4,51 ,0 ,  175 ,  77
39,4,3 ,100 ,  103 ,  101
41,4,1 ,166 ,  83 ,  34
42,4,17 ,100 ,  103 ,  101
43,4,1 ,0 ,  175 ,  77
44,4,3 ,166 ,  83 ,  34
46,4,1 ,100 ,  103 ,  101
47,4,3 ,166 ,  83 ,  34
49,4,1 ,100 ,  103 ,  101
50,4,1 ,0 ,  175 ,  77
53,4,1 ,100 ,  103 ,  101
54,4,3 ,0 ,  175 ,  77
56,4,1 ,100 ,  103 ,  101
57,4,3 ,166 ,  83 ,  34
59,4,15 ,100 ,  103 ,  101
0,5,17 ,0 ,  175 ,  77
11,5,7 ,166 ,  83 ,  34
14,5,1 ,100 ,  103 ,  101
15,5,7 ,166 ,  83 ,  34
18,5,1 ,100 ,  103 ,  101
19,5,1 ,166 ,  83 ,  34
20,5,17 ,100 ,  103 ,  101
21,5,51 ,0 ,  74 ,  45
27,5,13107 ,21 ,  21 ,  21
29,5,4369 ,0 ,  74 ,  45
34,5,17 ,100 ,  103 ,  101
35,5,3 ,0 ,  175 ,  77
39,5,1 ,166 ,  83 ,  34
40,5,3 ,0 ,  175 ,  77
43,5,1 ,166 ,  83 ,  34
44,5,17 ,100 ,  103 ,  101
45,5,17 ,0 ,  175 ,  77
46,5,3 ,166 ,  83 ,  34
48,5,1 ,100 ,  103 ,  101
49,5,1 ,0 ,  175 ,  77
50,5,3 ,100 ,  103 ,  101
52,5,1 ,0 ,  175 ,  77
53,5,1 ,100 ,  103 ,  101
54,5,17 ,166 ,  83 ,  34
55,5,15 ,100 ,  103 ,  101
59,5,3 ,166 ,  83 ,  34
61,5,1 ,100 ,  103 ,  101
62,5,17 ,166 ,  83 ,  34
1,6,1 ,100 ,  103 ,  101
2,6,7 ,0 ,  175 ,  77
5,6,1 ,100 ,  103 ,  101
6,6,15 ,0 ,  175 ,  77
10,6,3 ,166 ,  83 ,  34
12,6,1 ,0 ,  175 ,  77
13,6,7 ,166 ,  83 ,  34
16,6,3 ,100 ,  103 ,  101
18,6,1 ,166 ,  83 ,  34
19,6,273 ,100 ,  103 ,  101
23,6,65535 ,21 ,  21 ,  21
31,6,17 ,100 ,  103 ,  101
32,6,1 ,166 ,  83 ,  34
33,6,1 ,0 ,  175 ,  77
35,6,1 ,100 ,  103 ,  101
36,6,3 ,0 ,  74 ,  45
38,6,15 ,100 ,  103 ,  101
42,6,1 ,0 ,  175 ,  77
43,6,17 ,100 ,  103 ,  101
46,6,1 ,166 ,  83 ,  34
47,6,1 ,100 ,  103 ,  101
48,6,3 ,0 ,  175 ,  77
50,6,1 ,100 ,  103 ,  101
51,6,1 ,166 ,  83 ,  34
52,6,1 ,100 ,  103 ,  101
53,6,1 ,0 ,  175 ,  77
55,6,1 ,100 ,  103 ,  101
56,6,1 ,166 ,  83 ,  34
57,6,1 ,100 ,  103 ,  101
58,6,1 ,160 ,  161 ,  159
59,6,7 ,166 ,  83 ,  34
0,7,1 ,100 ,  103 ,  101
1,7,3 ,0 ,  175 ,  77
3,7,1 ,100 ,  103 ,  101
4,7,1 ,0 ,  175 ,  77
5,7,1 ,166 ,  83 ,  34
6,7,1 ,0 ,  175 ,  77
7,7,3 ,166 ,  83 ,  34
9,7,17 ,100 ,  103 ,  101
10,7,1 ,247 ,  209 ,  18
11,7,15 ,166 ,  83 ,  34
15,7,1 ,166 ,  83 ,  34
16,7,7 ,100 ,  103 ,  101
20,7,1 ,166 ,  83 ,  34
21,7,1 ,0 ,  74 ,  45
22,7,17 ,21 ,  21 ,  21
32,7,3 ,244 ,  244 ,  244
34,7,3 ,160 ,  161 ,  159
36,7,15 ,100 ,  103 ,  101
40,7,1 ,0 ,  175 ,  77
41,7,273 ,100 ,  103 ,  101
42,7,1 ,0 ,  74 ,  45
44,7,1 ,0 ,  74 ,  45
45,7,1 ,166 ,  83 ,  34
46,7,1 ,100 ,  103 ,  101
47,7,3 ,166 ,  83 ,  34
49,7,1 ,100 ,  103 ,  101
50,7,1 ,166 ,  83 ,  34
51,7,1 ,100 ,  103 ,  101
52,7,17 ,0 ,  175 ,  77
53,7,51 ,166 ,  83 ,  34
55,7,3 ,100 ,  103 ,  101
57,7,1 ,166 ,  83 ,  34
58,7,1 ,100 ,  103 ,  101
59,7,7 ,166 ,  83 ,  34
62,7,3 ,100 ,  103 ,  101
0,8,1 ,0 ,  175 ,  77
1,8,3 ,100 ,  103 ,  101
3,8,7 ,0 ,  175 ,  77
6,8,3 ,166 ,  83 ,  34
8,8,1 ,100 ,  103 ,  101
10,8,1 ,100 ,  103 ,  101
11,8,3 ,166 ,  83 ,  34
13,8,1 ,100 ,  103 ,  101
14,8,1 ,166 ,  83 ,  34
15,8,15 ,100 ,  103 ,  101
20,8,17 ,0 ,  74 ,  45
21,8,1 ,21 ,  21 ,  21
30,8,1 ,100 ,  103 ,  101
31,8,1 ,0 ,  153 ,  212
32,8,1 ,0 ,  108 ,  183
33,8,7 ,244 ,  244 ,  244
36,8,1 ,0 ,  153 ,  212
37,8,1 ,0 ,  74 ,  45
38,8,3 ,0 ,  175 ,  77
40,8,1 ,0 ,  74 ,  45
42,8,17 ,0 ,  74 ,  45
43,8,7 ,0 ,  175 ,  77
46,8,1 ,100 ,  103 ,  101
47,8,7 ,0 ,  175 ,  77
50,8,17 ,100 ,  103 ,  101
51,8,1 ,0 ,  175 ,  77
55,8,3 ,166 ,  83 ,  34
57,8,1 ,160 ,  161 ,  159
58,8,3 ,166 ,  83 ,  34
60,8,1 ,100 ,  103 ,  101
61,8,1 ,166 ,  83 ,  34
62,8,273 ,100 ,  103 ,  101
63,8,17 ,0 ,  74 ,  45
0,9,17 ,0 ,  74 ,  45
1,9,1 ,100 ,  103 ,  101
2,9,273 ,0 ,  175 ,  77
3,9,15 ,166 ,  83 ,  34
7,9,1 ,160 ,  161 ,  159
8,9,17 ,166 ,  83 ,  34
9,9,3 ,100 ,  103 ,  101
11,9,1 ,247 ,  209 ,  18
12,9,7 ,100 ,  103 ,  101
15,9,273 ,166 ,  83 ,  34
16,9,1 ,100 ,  103 ,  101
17,9,1 ,0 ,  74 ,  45
18,9,17 ,0 ,  153 ,  212
19,9,1 ,0 ,  108 ,  183
21,9,3 ,0 ,  74 ,  45
27,9,1 ,21 ,  21 ,  21
28,9,1 ,160 ,  161 ,  159
29,9,17 ,100 ,  103 ,  101
30,9,15 ,160 ,  161 ,  159
34,9,3 ,244 ,  244 ,  244
36,9,1 ,0 ,  108 ,  183
37,9,1 ,244 ,  244 ,  244
38,9,1 ,160 ,  161 ,  159
39,9,1 ,0 ,  175 ,  77
40,9,1 ,100 ,  103 ,  101
43,9,7 ,100 ,  103 ,  101
46,9,15 ,0 ,  175 ,  77
51,9,1 ,100 ,  103 ,  101
52,9,1 ,166 ,  83 ,  34
53,9,3 ,0 ,  175 ,  77
55,9,1 ,166 ,  83 ,  34
56,9,1 ,0 ,  175 ,  77
57,9,1 ,166 ,  83 ,  34
58,9,1 ,100 ,  103 ,  101
59,9,3 ,166 ,  83 ,  34
61,9,1 ,100 ,  103 ,  101
1,10,1 ,0 ,  175 ,  77
3,10,7 ,166 ,  83 ,  34
6,10,1 ,100 ,  103 ,  101
7,10,1 ,0 ,  175 ,  77
9,10,7 ,166 ,  83 ,  34
12,10,1 ,100 ,  103 ,  101
13,10,1 ,166 ,  83 ,  34
14,10,1 ,100 ,  103 ,  101
16,10,1 ,0 ,  74 ,  45
17,10,1 ,0 ,  153 ,  212
19,10,17 ,0 ,  153 ,  212
20,10,1 ,0 ,  57 ,  94
21,10,273 ,0 ,  74 ,  45
22,10,255 ,21 ,  21 ,  21
26,10,1 ,21 ,  21 ,  21
27,10,1 ,244 ,  244 ,  244
28,10,1 ,0 ,  108 ,  183
30,10,1 ,21 ,  21 ,  21
31,10,1 ,100 ,  103 ,  101
32,10,1 ,252 ,  195 ,  158
33,10,7 ,244 ,  244 ,  244
36,10,3 ,160 ,  161 ,  159
38,10,3 ,221 ,  196 ,  142
40,10,1 ,0 ,  74 ,  45
41,10,1 ,100 ,  103 ,  101
42,10,1 ,0 ,  175 ,  77
43,10,1 ,100 ,  103 ,  101
44,10,1 ,166 ,  83 ,  34
45,10,7 ,100 ,  103 ,  101
48,10,1 ,166 ,  83 ,  34
49,10,15 ,0 ,  175 ,  77
53,10,1 ,100 ,  103 ,  101
54,10,15 ,166 ,  83 ,  34
58,10,1 ,100 ,  103 ,  101
59,10,1 ,166 ,  83 ,  34
60,10,1 ,100 ,  103 ,  101
61,10,17 ,166 ,  83 ,  34
63,10,1 ,21 ,  21 ,  21
0,11,1 ,0 ,  175 ,  77
1,11,1 ,166 ,  83 ,  34
3,11,1 ,0 ,  175 ,  77
4,11,1 ,166 ,  83 ,  34
5,11,1 ,100 ,  103 ,  101
6,11,1 ,166 ,  83 ,  34
7,11,17 ,100 ,  103 ,  101
8,11,7 ,166 ,  83 ,  34
11,11,1 ,100 ,  103 ,  101
12,11,1 ,166 ,  83 ,  34
13,11,17 ,100 ,  103 ,  101
14,11,1 ,166 ,  83 ,  34
16,11,1 ,21 ,  21 ,  21
17,11,1 ,0 ,  108 ,  183
18,11,1 ,0 ,  153 ,  212
20,11,1 ,21 ,  21 ,  21
26,11,1 ,247 ,  209 ,  18
27,11,1 ,160 ,  161 ,  159
28,11,17 ,244 ,  244 ,  244
29,11,1 ,160 ,  161 ,  159
30,11,1 ,221 ,  196 ,  142
31,11,1 ,252 ,  195 ,  158
32,11,1 ,0 ,  108 ,  183
33,11,65535 ,244 ,  244 ,  244
37,11,1 ,0 ,  108 ,  183
38,11,1 ,160 ,  161 ,  159
39,11,1 ,221 ,  196 ,  142
40,11,1 ,100 ,  103 ,  101
41,11,1 ,0 ,  74 ,  45
42,11,7 ,100 ,  103 ,  101
45,11,3 ,166 ,  83 ,  34
47,11,51 ,100 ,  103 ,  101
49,11,1 ,166 ,  83 ,  34
50,11,1 ,0 ,  175 ,  77
51,11,1 ,166 ,  83 ,  34
52,11,17 ,0 ,  175 ,  77
53,11,15 ,166 ,  83 ,  34
57,11,1 ,0 ,  175 ,  77
58,11,1 ,166 ,  83 ,  34
59,11,17 ,100 ,  103 ,  101
60,11,1 ,166 ,  83 ,  34
62,11,1 ,166 ,  83 ,  34
63,11,1 ,100 ,  103 ,  101
0,12,1 ,100 ,  103 ,  101
1,12,1 ,166 ,  83 ,  34
2,12,17 ,100 ,  103 ,  101
3,12,1 ,166 ,  83 ,  34
4,12,17 ,0 ,  175 ,  77
5,12,3 ,166 ,  83 ,  34
8,12,1 ,100 ,  103 ,  101
9,12,1 ,166 ,  83 ,  34
10,12,1 ,100 ,  103 ,  101
11,12,1 ,0 ,  175 ,  77
12,12,1 ,100 ,  103 ,  101
14,12,51 ,100 ,  103 ,  101
16,12,17 ,0 ,  74 ,  45
17,12,7 ,21 ,  21 ,  21
20,12,1 ,0 ,  74 ,  45
22,12,7 ,21 ,  21 ,  21
25,12,1 ,160 ,  161 ,  159
26,12,51 ,244 ,  244 ,  244
29,12,1 ,100 ,  103 ,  101
30,12,17 ,160 ,  161 ,  159
31,12,51 ,244 ,  244 ,  244
37,12,1 ,0 ,  57 ,  94
38,12,1 ,244 ,  244 ,  244
39,12,17 ,160 ,  161 ,  159
40,12,1 ,221 ,  196 ,  142
41,12,1 ,244 ,  244 ,  244
42,12,1 ,166 ,  83 ,  34
43,12,15 ,100 ,  103 ,  101
49,12,1 ,166 ,  83 ,  34
50,12,3 ,0 ,  175 ,  77
53,12,1 ,0 ,  175 ,  77
54,12,1 ,166 ,  83 ,  34
55,12,1 ,100 ,  103 ,  101
56,12,1 ,166 ,  83 ,  34
57,12,1 ,100 ,  103 ,  101
58,12,1 ,166 ,  83 ,  34
60,12,1 ,100 ,  103 ,  101
61,12,1 ,166 ,  83 ,  34
62,12,273 ,100 ,  103 ,  101
63,12,4369 ,0 ,  74 ,  45
0,13,1 ,100 ,  103 ,  101
1,13,1 ,166 ,  83 ,  34
3,13,1 ,0 ,  175 ,  77
5,13,1 ,166 ,  83 ,  34
6,13,1 ,100 ,  103 ,  101
7,13,1 ,166 ,  83 ,  34
8,13,15 ,100 ,  103 ,  101
12,13,3 ,100 ,  103 ,  101
17,13,65535 ,21 ,  21 ,  21
21,13,1 ,100 ,  103 ,  101
22,13,7 ,21 ,  21 ,  21
25,13,1 ,100 ,  103 ,  101
28,13,3 ,244 ,  244 ,  244
37,13,17 ,160 ,  161 ,  159
38,13,17 ,244 ,  244 ,  244
40,13,1 ,0 ,  108 ,  183
41,13,1 ,0 ,  153 ,  212
42,13,1 ,100 ,  103 ,  101
43,13,1 ,166 ,  83 ,  34
44,13,1 ,100 ,  103 ,  101
45,13,3 ,166 ,  83 ,  34
47,13,1 ,100 ,  103 ,  101
48,13,1 ,166 ,  83 ,  34
49,13,3 ,100 ,  103 ,  101
51,13,3 ,166 ,  83 ,  34
53,13,1 ,247 ,  209 ,  18
54,13,1 ,166 ,  83 ,  34
55,13,1 ,0 ,  175 ,  77
56,13,1 ,247 ,  209 ,  18
57,13,1 ,100 ,  103 ,  101
58,13,1 ,166 ,  83 ,  34
59,13,1 ,100 ,  103 ,  101
60,13,1 ,0 ,  175 ,  77
61,13,273 ,100 ,  103 ,  101
0,14,17 ,0 ,  74 ,  45
1,14,1 ,100 ,  103 ,  101
2,14,1 ,166 ,  83 ,  34
3,14,7 ,100 ,  103 ,  101
6,14,1 ,166 ,  83 ,  34
7,14,1 ,100 ,  103 ,  101
8,14,3 ,166 ,  83 ,  34
10,14,7 ,100 ,  103 ,  101
13,14,1 ,0 ,  74 ,  45
14,14,7 ,100 ,  103 ,  101
21,14,1 ,0 ,  57 ,  94
22,14,3 ,21 ,  21 ,  21
24,14,1 ,166 ,  83 ,  34
25,14,15 ,160 ,  161 ,  159
29,14,15 ,244 ,  244 ,  244
39,14,1 ,244 ,  244 ,  244
40,14,1 ,160 ,  161 ,  159
41,14,1 ,0 ,  108 ,  183
42,14,4369 ,244 ,  244 ,  244
43,14,1 ,166 ,  83 ,  34
44,14,7 ,100 ,  103 ,  101
47,14,1 ,0 ,  175 ,  77
48,14,17 ,100 ,  103 ,  101
49,14,7 ,0 ,  175 ,  77
52,14,7 ,247 ,  209 ,  18
55,14,7 ,100 ,  103 ,  101
58,14,1 ,247 ,  209 ,  18
59,14,1 ,100 ,  103 ,  101
60,14,1 ,166 ,  83 ,  34
1,15,17 ,0 ,  175 ,  77
2,15,1 ,100 ,  103 ,  101
3,15,1 ,0 ,  74 ,  45
4,15,3 ,100 ,  103 ,  101
6,15,1 ,166 ,  83 ,  34
7,15,1 ,100 ,  103 ,  101
8,15,1 ,166 ,  83 ,  34
9,15,17 ,100 ,  103 ,  101
10,15,3 ,166 ,  83 ,  34
12,15,1 ,0 ,  74 ,  45
13,15,15 ,100 ,  103 ,  101
21,15,1 ,100 ,  103 ,  101
22,15,7 ,0 ,  74 ,  45
25,15,51 ,160 ,  161 ,  159
27,15,1 ,244 ,  244 ,  244
28,15,1 ,247 ,  209 ,  18
29,15,1 ,244 ,  244 ,  244
30,15,3 ,160 ,  161 ,  159
32,15,1 ,244 ,  244 ,  244
33,15,3 ,160 ,  161 ,  159
35,15,15 ,166 ,  83 ,  34
39,15,7 ,244 ,  244 ,  244
43,15,1 ,100 ,  103 ,  101
44,15,1 ,166 ,  83 ,  34
45,15,7 ,100 ,  103 ,  101
49,15,1 ,166 ,  83 ,  34
50,15,3 ,0 ,  175 ,  77
52,15,1 ,247 ,  209 ,  18
53,15,51 ,160 ,  161 ,  159
55,15,1 ,221 ,  196 ,  142
56,15,1 ,247 ,  209 ,  18
57,15,17 ,221 ,  196 ,  142
58,15,3 ,160 ,  161 ,  159
60,15,17 ,100 ,  103 ,  101
62,15,1 ,0 ,  175 ,  77
0,16,17 ,0 ,  74 ,  45
2,16,3 ,100 ,  103 ,  101
4,16,1 ,0 ,  175 ,  77
5,16,1 ,100 ,  103 ,  101
6,16,1 ,0 ,  175 ,  77
7,16,3 ,100 ,  103 ,  101
10,16,1 ,166 ,  83 ,  34
11,16,1 ,100 ,  103 ,  101
12,16,3 ,166 ,  83 ,  34
14,16,1 ,100 ,  103 ,  101
15,16,3 ,0 ,  74 ,  45
21,16,1 ,0 ,  57 ,  94
22,16,7 ,0 ,  74 ,  45
27,16,1 ,244 ,  244 ,  244
28,16,1 ,160 ,  161 ,  159
29,16,51 ,244 ,  244 ,  244
31,16,7 ,166 ,  83 ,  34
34,16,1 ,21 ,  21 ,  21
35,16,17 ,221 ,  26 ,  33
36,16,1 ,166 ,  83 ,  34
37,16,3 ,21 ,  21 ,  21
39,16,1 ,166 ,  83 ,  34
40,16,273 ,21 ,  21 ,  21
41,16,1 ,166 ,  83 ,  34
43,16,7 ,100 ,  103 ,  101
46,16,7 ,166 ,  83 ,  34
49,16,1 ,100 ,  103 ,  101
50,16,1 ,0 ,  175 ,  77
51,16,3 ,160 ,  161 ,  159
55,16,17 ,221 ,  196 ,  142
56,16,1 ,160 ,  161 ,  159
58,16,4369 ,160 ,  161 ,  159
59,16,1 ,247 ,  209 ,  18
61,16,17 ,0 ,  175 ,  77
62,16,17 ,100 ,  103 ,  101
63,16,1 ,0 ,  74 ,  45
1,17,1 ,100 ,  103 ,  101
2,17,1 ,0 ,  175 ,  77
3,17,1 ,0 ,  74 ,  45
4,17,17 ,100 ,  103 ,  101
5,17,1 ,0 ,  175 ,  77
6,17,3 ,166 ,  83 ,  34
8,17,1 ,100 ,  103 ,  101
9,17,1 ,0 ,  175 ,  77
10,17,15 ,100 ,  103 ,  101
14,17,1 ,166 ,  83 ,  34
15,17,273 ,100 ,  103 ,  101
16,17,1 ,166 ,  83 ,  34
17,17,255 ,21 ,  21 ,  21
21,17,7 ,21 ,  21 ,  21
24,17,4369 ,0 ,  74 ,  45
25,17,7 ,160 ,  161 ,  159
28,17,1 ,244 ,  244 ,  244
31,17,1 ,166 ,  83 ,  34
32,17,1 ,245 ,  125 ,  32
33,17,17 ,21 ,  21 ,  21
34,17,1 ,245 ,  125 ,  32
36,17,1 ,221 ,  26 ,  33
37,17,7 ,166 ,  83 ,  34
41,17,17 ,244 ,  244 ,  244
43,17,1 ,100 ,  103 ,  101
44,17,15 ,166 ,  83 ,  34
48,17,1 ,100 ,  103 ,  101
49,17,1 ,166 ,  83 ,  34
50,17,1 ,100 ,  103 ,  101
51,17,1 ,160 ,  161 ,  159
52,17,17 ,221 ,  196 ,  142
53,17,3 ,160 ,  161 ,  159
56,17,17 ,221 ,  196 ,  142
57,17,1 ,160 ,  161 ,  159
59,17,1 ,0 ,  175 ,  77
60,17,17 ,166 ,  83 ,  34
63,17,1 ,100 ,  103 ,  101
0,18,7 ,0 ,  74 ,  45
3,18,1 ,100 ,  103 ,  101
5,18,1 ,0 ,  74 ,  45
6,18,1 ,100 ,  103 ,  101
7,18,1 ,166 ,  83 ,  34
8,18,17 ,100 ,  103 ,  101
9,18,7 ,166 ,  83 ,  34
12,18,3 ,100 ,  103 ,  101
14,18,1 ,166 ,  83 ,  34
16,18,1 ,0 ,  74 ,  45
21,18,3 ,0 ,  74 ,  45
23,18,17 ,21 ,  21 ,  21
25,18,7 ,160 ,  161 ,  159
28,18,1 ,100 ,  103 ,  101
29,18,3 ,160 ,  161 ,  159
31,18,17 ,245 ,  125 ,  32
32,18,1 ,247 ,  209 ,  18
34,18,1 ,166 ,  83 ,  34
35,18,1 ,229 ,  30 ,  38
36,18,1 ,166 ,  83 ,  34
37,18,1 ,21 ,  21 ,  21
38,18,1 ,247 ,  209 ,  18
39,18,1 ,229 ,  30 ,  38
42,18,1 ,244 ,  244 ,  244
43,18,7 ,166 ,  83 ,  34
46,18,3 ,100 ,  103 ,  101
48,18,1 ,166 ,  83 ,  34
49,18,1 ,100 ,  103 ,  101
50,18,51 ,160 ,  161 ,  159
53,18,7 ,221 ,  196 ,  142
57,18,1 ,221 ,  196 ,  142
59,18,1 ,100 ,  103 ,  101
61,18,51 ,100 ,  103 ,  101
63,18,1 ,0 ,  74 ,  45
0,19,15 ,0 ,  74 ,  45
4,19,3 ,100 ,  103 ,  101
6,19,1 ,166 ,  83 ,  34
7,19,1 ,100 ,  103 ,  101
9,19,3 ,100 ,  103 ,  101
11,19,51 ,166 ,  83 ,  34
13,19,3 ,100 ,  103 ,  101
16,19,1 ,166 ,  83 ,  34
17,19,15 ,21 ,  21 ,  21
21,19,17 ,0 ,  74 ,  45
22,19,1 ,21 ,  21 ,  21
25,19,15 ,160 ,  161 ,  159
29,19,1 ,244 ,  244 ,  244
30,19,1 ,245 ,  125 ,  32
32,19,7 ,245 ,  125 ,  32
35,19,17 ,221 ,  196 ,  142
36,19,1 ,221 ,  26 ,  33
37,19,1 ,245 ,  125 ,  32
38,19,1 ,229 ,  30 ,  38
39,19,1 ,245 ,  125 ,  32
40,19,1 ,166 ,  83 ,  34
41,19,1 ,160 ,  161 ,  159
42,19,1 ,166 ,  83 ,  34
43,19,1 ,100 ,  103 ,  101
44,19,51 ,166 ,  83 ,  34
46,19,7 ,100 ,  103 ,  101
49,19,1 ,166 ,  83 ,  34
52,19,17 ,160 ,  161 ,  159
53,19,65535 ,221 ,  196 ,  142
57,19,1 ,160 ,  161 ,  159
59,19,3 ,100 ,  103 ,  101
63,19,1 ,21 ,  21 ,  21
0,20,1 ,0 ,  74 ,  45
1,20,1 ,100 ,  103 ,  101
2,20,3 ,0 ,  74 ,  45
4,20,1 ,100 ,  103 ,  101
5,20,1 ,0 ,  175 ,  77
6,20,255 ,100 ,  103 ,  101
10,20,1 ,166 ,  83 ,  34
13,20,17 ,166 ,  83 ,  34
14,20,17 ,100 ,  103 ,  101
15,20,1 ,0 ,  74 ,  45
16,20,255 ,21 ,  21 ,  21
20,20,1 ,0 ,  57 ,  94
22,20,3 ,0 ,  74 ,  45
25,20,1 ,100 ,  103 ,  101
26,20,1 ,160 ,  161 ,  159
27,20,1 ,244 ,  244 ,  244
28,20,51 ,160 ,  161 ,  159
30,20,1 ,21 ,  21 ,  21
31,20,1 ,100 ,  103 ,  101
32,20,1 ,160 ,  161 ,  159
33,20,3 ,221 ,  196 ,  142
36,20,1 ,221 ,  196 ,  142
37,20,1 ,245 ,  125 ,  32
38,20,17 ,221 ,  196 ,  142
39,20,17 ,160 ,  161 ,  159
40,20,1 ,166 ,  83 ,  34
41,20,3 ,244 ,  244 ,  244
43,20,1 ,160 ,  161 ,  159
46,20,1 ,160 ,  161 ,  159
47,20,1 ,100 ,  103 ,  101
48,20,1 ,160 ,  161 ,  159
49,20,17 ,100 ,  103 ,  101
50,20,3 ,160 ,  161 ,  159
57,20,273 ,221 ,  196 ,  142
58,20,17 ,160 ,  161 ,  159
59,20,1 ,166 ,  83 ,  34
60,20,7 ,100 ,  103 ,  101
63,20,4369 ,0 ,  74 ,  45
0,21,7 ,0 ,  74 ,  45
3,21,1 ,100 ,  103 ,  101
4,21,17 ,0 ,  74 ,  45
5,21,1 ,166 ,  83 ,  34
10,21,1 ,166 ,  83 ,  34
11,21,17 ,100 ,  103 ,  101
12,21,17 ,166 ,  83 ,  34
15,21,17 ,21 ,  21 ,  21
20,21,15 ,21 ,  21 ,  21
24,21,4369 ,0 ,  74 ,  45
25,21,1 ,166 ,  83 ,  34
26,21,3 ,160 ,  161 ,  159
30,21,1 ,100 ,  103 ,  101
31,21,51 ,21 ,  21 ,  21
33,21,3 ,160 ,  161 ,  159
35,21,1 ,221 ,  196 ,  142
36,21,3 ,160 ,  161 ,  159
40,21,1 ,100 ,  103 ,  101
41,21,17 ,160 ,  161 ,  159
42,21,1 ,244 ,  244 ,  244
43,21,3 ,166 ,  83 ,  34
45,21,1 ,245 ,  125 ,  32
46,21,17 ,166 ,  83 ,  34
47,21,1 ,160 ,  161 ,  159
48,21,1 ,100 ,  103 ,  101
50,21,17 ,160 ,  161 ,  159
51,21,3 ,221 ,  196 ,  142
59,21,4369 ,160 ,  161 ,  159
60,21,3 ,100 ,  103 ,  101
62,21,1 ,21 ,  21 ,  21
0,22,3 ,0 ,  74 ,  45
2,22,1 ,100 ,  103 ,  101
3,22,1 ,0 ,  74 ,  45
5,22,1 ,100 ,  103 ,  101
6,22,17 ,0 ,  74 ,  45
7,22,1 ,0 ,  175 ,  77
8,22,51 ,100 ,  103 ,  101
10,22,17 ,166 ,  83 ,  34
13,22,17 ,100 ,  103 ,  101
14,22,1 ,166 ,  83 ,  34
16,22,3 ,21 ,  21 ,  21
18,22,1 ,0 ,  57 ,  94
19,22,7 ,21 ,  21 ,  21
22,22,1 ,0 ,  74 ,  45
23,22,17 ,21 ,  21 ,  21
25,22,1 ,100 ,  103 ,  101
26,22,1 ,166 ,  83 ,  34
27,22,7 ,160 ,  161 ,  159
30,22,1 ,21 ,  21 ,  21
33,22,1 ,21 ,  21 ,  21
34,22,7 ,160 ,  161 ,  159
37,22,7 ,21 ,  21 ,  21
40,22,1 ,160 ,  161 ,  159
42,22,1 ,100 ,  103 ,  101
43,22,7 ,166 ,  83 ,  34
47,22,7 ,160 ,  161 ,  159
51,22,17 ,160 ,  161 ,  159
52,22,1 ,221 ,  196 ,  142
58,22,1 ,221 ,  196 ,  142
60,22,17 ,100 ,  103 ,  101
61,22,1 ,0 ,  175 ,  77
62,22,273 ,0 ,  74 ,  45
0,23,1 ,100 ,  103 ,  101
1,23,1 ,0 ,  74 ,  45
2,23,1 ,100 ,  103 ,  101
3,23,1 ,0 ,  74 ,  45
4,23,1 ,21 ,  21 ,  21
5,23,1 ,0 ,  74 ,  45
7,23,17 ,0 ,  74 ,  45
11,23,1 ,166 ,  83 ,  34
12,23,1 ,100 ,  103 ,  101
14,23,4369 ,100 ,  103 ,  101
15,23,7 ,21 ,  21 ,  21
18,23,1 ,0 ,  108 ,  183
19,23,255 ,21 ,  21 ,  21
25,23,1 ,21 ,  21 ,  21
26,23,3 ,100 ,  103 ,  101
28,23,1 ,166 ,  83 ,  34
29,23,1 ,221 ,  26 ,  33
30,23,1 ,166 ,  83 ,  34
31,23,1 ,221 ,  26 ,  33
32,23,17 ,166 ,  83 ,  34
33,23,7 ,221 ,  26 ,  33
36,23,7 ,245 ,  125 ,  32
39,23,1 ,221 ,  26 ,  33
40,23,3 ,245 ,  125 ,  32
42,23,1 ,166 ,  83 ,  34
43,23,1 ,247 ,  209 ,  18
44,23,1 ,160 ,  161 ,  159
45,23,1 ,166 ,  83 ,  34
46,23,15 ,160 ,  161 ,  159
50,23,1 ,160 ,  161 ,  159
52,23,17 ,160 ,  161 ,  159
53,23,255 ,221 ,  196 ,  142
57,23,51 ,160 ,  161 ,  159
61,23,273 ,100 ,  103 ,  101
0,24,17 ,166 ,  83 ,  34
1,24,7 ,0 ,  74 ,  45
4,24,1 ,100 ,  103 ,  101
5,24,3 ,0 ,  74 ,  45
8,24,1 ,0 ,  74 ,  45
9,24,1 ,166 ,  83 ,  34
10,24,3 ,100 ,  103 ,  101
12,24,1 ,166 ,  83 ,  34
13,24,17 ,100 ,  103 ,  101
15,24,51 ,21 ,  21 ,  21
17,24,17 ,0 ,  108 ,  183
18,24,17 ,0 ,  57 ,  94
23,24,1 ,0 ,  74 ,  45
25,24,1 ,0 ,  74 ,  45
26,24,1 ,166 ,  83 ,  34
27,24,1 ,21 ,  21 ,  21
28,24,1 ,0 ,  74 ,  45
29,24,7 ,166 ,  83 ,  34
33,24,255 ,245 ,  125 ,  32
37,24,1 ,221 ,  26 ,  33
38,24,3 ,21 ,  21 ,  21
40,24,15 ,166 ,  83 ,  34
44,24,7 ,160 ,  161 ,  159
47,24,1 ,247 ,  209 ,  18
48,24,15 ,160 ,  161 ,  159
60,24,17 ,100 ,  103 ,  101
63,24,1 ,0 ,  74 ,  45
1,25,1 ,100 ,  103 ,  101
2,25,1 ,21 ,  21 ,  21
3,25,15 ,0 ,  74 ,  45
7,25,273 ,0 ,  74 ,  45
8,25,1 ,100 ,  103 ,  101
9,25,1 ,166 ,  83 ,  34
10,25,7 ,100 ,  103 ,  101
19,25,3 ,21 ,  21 ,  21
21,25,1 ,166 ,  83 ,  34
22,25,1 ,21 ,  21 ,  21
23,25,1 ,0 ,  74 ,  45
24,25,1 ,21 ,  21 ,  21
25,25,1 ,0 ,  74 ,  45
26,25,1 ,229 ,  30 ,  38
27,25,7 ,166 ,  83 ,  34
30,25,1 ,21 ,  21 ,  21
31,25,3 ,221 ,  26 ,  33
37,25,15 ,166 ,  83 ,  34
41,25,1 ,100 ,  103 ,  101
42,25,3 ,166 ,  83 ,  34
44,25,17 ,160 ,  161 ,  159
45,25,15 ,166 ,  83 ,  34
49,25,1 ,247 ,  209 ,  18
50,25,3 ,160 ,  161 ,  159
52,25,1 ,221 ,  196 ,  142
53,25,17 ,160 ,  161 ,  159
54,25,7 ,221 ,  196 ,  142
57,25,7 ,160 ,  161 ,  159
62,25,273 ,0 ,  74 ,  45
63,25,1 ,100 ,  103 ,  101
0,26,17 ,100 ,  103 ,  101
1,26,3 ,0 ,  74 ,  45
3,26,1 ,21 ,  21 ,  21
4,26,7 ,0 ,  74 ,  45
8,26,1 ,166 ,  83 ,  34
9,26,3 ,100 ,  103 ,  101
11,26,7 ,166 ,  83 ,  34
15,26,3 ,21 ,  21 ,  21
17,26,1 ,0 ,  57 ,  94
18,26,7 ,21 ,  21 ,  21
21,26,17 ,245 ,  125 ,  32
22,26,1 ,166 ,  83 ,  34
23,26,1 ,21 ,  21 ,  21
24,26,1 ,166 ,  83 ,  34
25,26,1 ,245 ,  125 ,  32
26,26,17 ,160 ,  161 ,  159
27,26,17 ,21 ,  21 ,  21
28,26,1 ,221 ,  26 ,  33
29,26,51 ,229 ,  30 ,  38
31,26,1 ,166 ,  83 ,  34
32,26,1 ,21 ,  21 ,  21
33,26,3 ,245 ,  125 ,  32
35,26,1 ,221 ,  26 ,  33
36,26,273 ,21 ,  21 ,  21
37,26,1 ,221 ,  196 ,  142
38,26,1 ,247 ,  209 ,  18
39,26,7 ,245 ,  125 ,  32
42,26,3 ,166 ,  83 ,  34
45,26,15 ,160 ,  161 ,  159
49,26,51 ,160 ,  161 ,  159
51,26,3 ,221 ,  196 ,  142
54,26,1 ,160 ,  161 ,  159
55,26,1 ,221 ,  196 ,  142
56,26,7 ,160 ,  161 ,  159
59,26,1 ,100 ,  103 ,  101
60,26,1 ,160 ,  161 ,  159
61,26,273 ,100 ,  103 ,  101
63,26,1 ,21 ,  21 ,  21
1,27,1 ,100 ,  103 ,  101
2,27,15 ,0 ,  74 ,  45
6,27,273 ,0 ,  74 ,  45
8,27,1 ,100 ,  103 ,  101
9,27,3 ,166 ,  83 ,  34
11,27,1 ,100 ,  103 ,  101
12,27,1 ,166 ,  83 ,  34
13,27,7 ,100 ,  103 ,  101
16,27,255 ,21 ,  21 ,  21
20,27,1 ,21 ,  21 ,  21
22,27,1 ,229 ,  30 ,  38
23,27,3 ,245 ,  125 ,  32
25,27,1 ,21 ,  21 ,  21
28,27,17 ,21 ,  21 ,  21
31,27,3 ,229 ,  30 ,  38
33,27,7 ,21 ,  21 ,  21
37,27,1 ,160 ,  161 ,  159
38,27,7 ,245 ,  125 ,  32
41,27,1 ,247 ,  209 ,  18
42,27,1 ,245 ,  125 ,  32
43,27,1 ,160 ,  161 ,  159
44,27,1 ,100 ,  103 ,  101
45,27,1 ,166 ,  83 ,  34
46,27,1 ,160 ,  161 ,  159
47,27,3 ,166 ,  83 ,  34
51,27,15 ,160 ,  161 ,  159
55,27,255 ,160 ,  161 ,  159
59,27,51 ,100 ,  103 ,  101
63,27,17 ,0 ,  74 ,  45
0,28,1 ,21 ,  21 ,  21
1,28,1 ,0 ,  74 ,  45
2,28,3 ,21 ,  21 ,  21
4,28,17 ,0 ,  74 ,  45
5,28,1 ,21 ,  21 ,  21
7,28,15 ,100 ,  103 ,  101
11,28,1 ,166 ,  83 ,  34
12,28,1 ,100 ,  103 ,  101
13,28,1 ,166 ,  83 ,  34
14,28,1 ,100 ,  103 ,  101
15,28,1 ,166 ,  83 ,  34
20,28,1 ,221 ,  26 ,  33
21,28,1 ,229 ,  30 ,  38
22,28,17 ,221 ,  26 ,  33
23,28,1 ,245 ,  125 ,  32
24,28,4369 ,229 ,  30 ,  38
25,28,1 ,21 ,  21 ,  21
26,28,4369 ,100 ,  103 ,  101
27,28,1 ,21 ,  21 ,  21
29,28,1 ,166 ,  83 ,  34
30,28,7 ,21 ,  21 ,  21
33,28,1 ,245 ,  125 ,  32
34,28,3 ,21 ,  21 ,  21
37,28,1 ,100 ,  103 ,  101
38,28,3 ,245 ,  125 ,  32
40,28,1 ,247 ,  209 ,  18
41,28,17 ,252 ,  195 ,  158
42,28,3 ,247 ,  209 ,  18
44,28,1 ,166 ,  83 ,  34
45,28,1 ,100 ,  103 ,  101
46,28,1 ,166 ,  83 ,  34
47,28,1 ,100 ,  103 ,  101
48,28,1 ,166 ,  83 ,  34
49,28,3 ,160 ,  161 ,  159
51,28,1 ,166 ,  83 ,  34
52,28,7 ,160 ,  161 ,  159
62,28,1 ,0 ,  74 ,  45
0,29,15 ,0 ,  74 ,  45
5,29,1 ,0 ,  74 ,  45
7,29,1 ,100 ,  103 ,  101
8,29,51 ,166 ,  83 ,  34
10,29,51 ,100 ,  103 ,  101
12,29,7 ,166 ,  83 ,  34
15,29,17 ,100 ,  103 ,  101
16,29,3 ,0 ,  74 ,  45
18,29,3 ,166 ,  83 ,  34
20,29,3 ,221 ,  26 ,  33
23,29,1 ,229 ,  30 ,  38
25,29,1 ,221 ,  26 ,  33
27,29,17 ,21 ,  21 ,  21
28,29,1 ,0 ,  108 ,  183
29,29,3 ,160 ,  161 ,  159
31,29,3 ,21 ,  21 ,  21
33,29,3 ,160 ,  161 ,  159
35,29,1 ,21 ,  21 ,  21
36,29,4369 ,160 ,  161 ,  159
37,29,1 ,21 ,  21 ,  21
38,29,1 ,245 ,  125 ,  32
39,29,17 ,229 ,  30 ,  38
40,29,1 ,245 ,  125 ,  32
42,29,17 ,247 ,  209 ,  18
43,29,1 ,245 ,  125 ,  32
44,29,3 ,166 ,  83 ,  34
46,29,1 ,100 ,  103 ,  101
47,29,1 ,160 ,  161 ,  159
48,29,1 ,100 ,  103 ,  101
49,29,1 ,166 ,  83 ,  34
50,29,15 ,160 ,  161 ,  159
54,29,255 ,160 ,  161 ,  159
58,29,7 ,100 ,  103 ,  101
61,29,1 ,0 ,  74 ,  45
62,29,3 ,100 ,  103 ,  101
0,30,1 ,0 ,  74 ,  45
1,30,51 ,21 ,  21 ,  21
3,30,51 ,0 ,  74 ,  45
5,30,7 ,100 ,  103 ,  101
12,30,7 ,166 ,  83 ,  34
16,30,7 ,21 ,  21 ,  21
19,30,1 ,166 ,  83 ,  34
20,30,1 ,221 ,  26 ,  33
21,30,1 ,166 ,  83 ,  34
22,30,13107 ,221 ,  26 ,  33
25,30,17 ,21 ,  21 ,  21
28,30,3 ,0 ,  57 ,  94
30,30,1 ,21 ,  21 ,  21
31,30,1 ,160 ,  161 ,  159
32,30,17 ,0 ,  108 ,  183
33,30,1 ,0 ,  57 ,  94
34,30,3 ,21 ,  21 ,  21
37,30,1 ,229 ,  30 ,  38
38,30,1 ,245 ,  125 ,  32
40,30,3 ,245 ,  125 ,  32
43,30,273 ,247 ,  209 ,  18
44,30,273 ,245 ,  125 ,  32
45,30,1 ,166 ,  83 ,  34
46,30,255 ,160 ,  161 ,  159
50,30,1 ,221 ,  196 ,  142
51,30,1 ,160 ,  161 ,  159
52,30,3 ,221 ,  196 ,  142
58,30,17 ,166 ,  83 ,  34
59,30,3 ,100 ,  103 ,  101
61,30,1 ,21 ,  21 ,  21
62,30,51 ,0 ,  74 ,  45
0,31,273 ,0 ,  74 ,  45
5,31,7 ,100 ,  103 ,  101
8,31,1 ,0 ,  175 ,  77
9,31,3 ,166 ,  83 ,  34
11,31,7 ,100 ,  103 ,  101
14,31,51 ,166 ,  83 ,  34
16,31,7 ,21 ,  21 ,  21
19,31,3 ,166 ,  83 ,  34
21,31,17 ,221 ,  26 ,  33
27,31,1 ,21 ,  21 ,  21
28,31,273 ,0 ,  57 ,  94
29,31,1 ,0 ,  108 ,  183
30,31,1 ,100 ,  103 ,  101
31,31,1 ,0 ,  108 ,  183
33,31,1 ,0 ,  108 ,  183
34,31,1 ,0 ,  57 ,  94
35,31,1 ,21 ,  21 ,  21
37,31,7 ,245 ,  125 ,  32
40,31,1 ,229 ,  30 ,  38
41,31,17 ,245 ,  125 ,  32
42,31,1 ,247 ,  209 ,  18
45,31,1 ,160 ,  161 ,  159
50,31,3 ,221 ,  196 ,  142
52,31,1 ,160 ,  161 ,  159
53,31,7 ,221 ,  196 ,  142
56,31,1 ,245 ,  125 ,  32
57,31,1 ,160 ,  161 ,  159
59,31,17 ,166 ,  83 ,  34
60,31,17 ,100 ,  103 ,  101
61,31,1 ,0 ,  74 ,  45
1,32,7 ,21 ,  21 ,  21
4,32,1 ,100 ,  103 ,  101
5,32,17 ,21 ,  21 ,  21
6,32,7 ,100 ,  103 ,  101
9,32,1 ,166 ,  83 ,  34
10,32,1 ,100 ,  103 ,  101
11,32,51 ,166 ,  83 ,  34
13,32,1 ,100 ,  103 ,  101
16,32,1 ,21 ,  21 ,  21
17,32,1 ,0 ,  74 ,  45
18,32,7 ,21 ,  21 ,  21
24,32,17 ,229 ,  30 ,  38
25,32,1 ,21 ,  21 ,  21
26,32,17 ,160 ,  161 ,  159
27,32,1 ,0 ,  57 ,  94
29,32,1 ,229 ,  30 ,  38
30,32,1 ,160 ,  161 ,  159
31,32,273 ,0 ,  108 ,  183
32,32,3 ,160 ,  161 ,  159
34,32,17 ,21 ,  21 ,  21
35,32,1 ,100 ,  103 ,  101
37,32,1 ,221 ,  26 ,  33
38,32,51 ,245 ,  125 ,  32
40,32,4369 ,221 ,  26 ,  33
42,32,17 ,245 ,  125 ,  32
45,32,1 ,247 ,  209 ,  18
46,32,15 ,160 ,  161 ,  159
50,32,255 ,221 ,  196 ,  142
54,32,15 ,221 ,  196 ,  142
58,32,1 ,160 ,  161 ,  159
61,32,1 ,166 ,  83 ,  34
62,32,273 ,0 ,  74 ,  45
63,32,17 ,100 ,  103 ,  101
1,33,1 ,0 ,  74 ,  45
2,33,1 ,100 ,  103 ,  101
3,33,1 ,166 ,  83 ,  34
4,33,17 ,0 ,  74 ,  45
6,33,17 ,166 ,  83 ,  34
7,33,255 ,100 ,  103 ,  101
13,33,3 ,166 ,  83 ,  34
15,33,3 ,100 ,  103 ,  101
17,33,65535 ,21 ,  21 ,  21
21,33,1 ,166 ,  83 ,  34
25,33,17 ,160 ,  161 ,  159
27,33,17 ,100 ,  103 ,  101
29,33,1 ,160 ,  161 ,  159
30,33,1 ,0 ,  57 ,  94
32,33,51 ,21 ,  21 ,  21
35,33,51 ,160 ,  161 ,  159
37,33,1 ,21 ,  21 ,  21
41,33,17 ,229 ,  30 ,  38
43,33,3 ,247 ,  209 ,  18
45,33,273 ,245 ,  125 ,  32
46,33,7 ,160 ,  161 ,  159
49,33,17 ,221 ,  196 ,  142
54,33,7 ,221 ,  196 ,  142
57,33,1 ,245 ,  125 ,  32
58,33,51 ,166 ,  83 ,  34
60,33,3 ,100 ,  103 ,  101
0,34,1 ,100 ,  103 ,  101
1,34,1 ,0 ,  74 ,  45
2,34,1 ,0 ,  57 ,  94
3,34,1 ,0 ,  74 ,  45
5,34,1 ,0 ,  74 ,  45
11,34,7 ,166 ,  83 ,  34
14,34,1 ,100 ,  103 ,  101
15,34,1 ,166 ,  83 ,  34
16,34,273 ,21 ,  21 ,  21
21,34,3 ,21 ,  21 ,  21
23,34,17 ,229 ,  30 ,  38
24,34,1 ,21 ,  21 ,  21
26,34,273 ,160 ,  161 ,  159
28,34,7 ,21 ,  21 ,  21
34,34,17 ,21 ,  21 ,  21
37,34,4369 ,160 ,  161 ,  159
38,34,3 ,245 ,  125 ,  32
42,34,51 ,245 ,  125 ,  32
44,34,1 ,247 ,  209 ,  18
46,34,1 ,247 ,  209 ,  18
47,34,51 ,160 ,  161 ,  159
50,34,15 ,221 ,  196 ,  142
54,34,7 ,221 ,  196 ,  142
57,34,1 ,160 ,  161 ,  159
60,34,17 ,166 ,  83 ,  34
61,34,1 ,100 ,  103 ,  101
63,34,1 ,0 ,  74 ,  45
0,35,1 ,166 ,  83 ,  34
1,35,3 ,21 ,  21 ,  21
3,35,1 ,0 ,  74 ,  45
4,35,1 ,21 ,  21 ,  21
5,35,1 ,100 ,  103 ,  101
6,35,51 ,0 ,  74 ,  45
8,35,1 ,100 ,  103 ,  101
9,35,1 ,166 ,  83 ,  34
10,35,7 ,100 ,  103 ,  101
13,35,3 ,166 ,  83 ,  34
15,35,273 ,0 ,  74 ,  45
21,35,51 ,21 ,  21 ,  21
24,35,51 ,160 ,  161 ,  159
27,35,1 ,0 ,  57 ,  94
28,35,17 ,21 ,  21 ,  21
29,35,1 ,0 ,  108 ,  183
30,35,17 ,160 ,  161 ,  159
31,35,1 ,0 ,  57 ,  94
32,35,51 ,21 ,  21 ,  21
35,35,1 ,100 ,  103 ,  101
36,35,273 ,160 ,  161 ,  159
38,35,1 ,229 ,  30 ,  38
39,35,1 ,245 ,  125 ,  32
41,35,17 ,245 ,  125 ,  32
44,35,273 ,247 ,  209 ,  18
46,35,4369 ,245 ,  125 ,  32
49,35,3 ,221 ,  196 ,  142
51,35,17 ,160 ,  161 ,  159
52,35,15 ,221 ,  196 ,  142
56,35,1 ,160 ,  161 ,  159
57,35,1 ,221 ,  196 ,  142
58,35,3 ,166 ,  83 ,  34
61,35,1 ,166 ,  83 ,  34
62,35,17 ,100 ,  103 ,  101
63,35,1 ,166 ,  83 ,  34
0,36,1 ,21 ,  21 ,  21
1,36,1 ,0 ,  175 ,  77
2,36,1 ,100 ,  103 ,  101
3,36,17 ,21 ,  21 ,  21
4,36,1 ,100 ,  103 ,  101
5,36,17 ,0 ,  74 ,  45
8,36,1 ,100 ,  103 ,  101
9,36,7 ,0 ,  74 ,  45
12,36,3 ,166 ,  83 ,  34
14,36,17 ,0 ,  74 ,  45
23,36,1 ,160 ,  161 ,  159
27,36,17 ,0 ,  108 ,  183
29,36,1 ,0 ,  57 ,  94
31,36,17 ,21 ,  21 ,  21
34,36,1 ,0 ,  57 ,  94
35,36,1 ,160 ,  161 ,  159
38,36,1 ,21 ,  21 ,  21
39,36,1 ,245 ,  125 ,  32
40,36,1 ,229 ,  30 ,  38
42,36,1 ,245 ,  125 ,  32
43,36,1 ,221 ,  196 ,  142
45,36,1 ,245 ,  125 ,  32
47,36,7 ,160 ,  161 ,  159
50,36,1 ,221 ,  196 ,  142
52,36,17 ,160 ,  161 ,  159
53,36,15 ,221 ,  196 ,  142
57,36,1 ,160 ,  161 ,  159
58,36,7 ,166 ,  83 ,  34
61,36,1 ,100 ,  103 ,  101
63,36,1 ,100 ,  103 ,  101
0,37,3 ,0 ,  74 ,  45
2,37,1 ,0 ,  175 ,  77
4,37,273 ,21 ,  21 ,  21
6,37,255 ,0 ,  74 ,  45
10,37,1 ,21 ,  21 ,  21
11,37,17 ,0 ,  74 ,  45
12,37,1 ,21 ,  21 ,  21
13,37,1 ,100 ,  103 ,  101
16,37,17 ,0 ,  74 ,  45
17,37,255 ,21 ,  21 ,  21
21,37,1 ,21 ,  21 ,  21
22,37,4369 ,229 ,  30 ,  38
23,37,1 ,21 ,  21 ,  21
24,37,3 ,160 ,  161 ,  159
26,37,17 ,21 ,  21 ,  21
28,37,1 ,0 ,  57 ,  94
29,37,1 ,0 ,  108 ,  183
30,37,1 ,21 ,  21 ,  21
32,37,3 ,21 ,  21 ,  21
34,37,17 ,0 ,  108 ,  183
35,37,17 ,21 ,  21 ,  21
38,37,1 ,160 ,  161 ,  159
39,37,15 ,245 ,  125 ,  32
43,37,17 ,252 ,  195 ,  158
45,37,17 ,247 ,  209 ,  18
47,37,7 ,166 ,  83 ,  34
50,37,1 ,160 ,  161 ,  159
51,37,17 ,166 ,  83 ,  34
53,37,3 ,160 ,  161 ,  159
55,37,1 ,221 ,  196 ,  142
56,37,17 ,160 ,  161 ,  159
57,37,1 ,245 ,  125 ,  32
58,37,7 ,166 ,  83 ,  34
61,37,17 ,0 ,  74 ,  45
62,37,17 ,100 ,  103 ,  101
63,37,273 ,160 ,  161 ,  159
0,38,1 ,21 ,  21 ,  21
1,38,7 ,0 ,  74 ,  45
5,38,1 ,100 ,  103 ,  101
10,38,1 ,0 ,  74 ,  45
12,38,3 ,0 ,  74 ,  45
14,38,17 ,21 ,  21 ,  21
15,38,17 ,0 ,  74 ,  45
21,38,1 ,21 ,  21 ,  21
23,38,7 ,21 ,  21 ,  21
27,38,3 ,0 ,  108 ,  183
29,38,1 ,21 ,  21 ,  21
30,38,1 ,0 ,  108 ,  183
31,38,3 ,0 ,  57 ,  94
33,38,273 ,0 ,  108 ,  183
36,38,3 ,21 ,  21 ,  21
38,38,1 ,166 ,  83 ,  34
39,38,1 ,245 ,  125 ,  32
40,38,17 ,229 ,  30 ,  38
41,38,3 ,245 ,  125 ,  32
44,38,1 ,247 ,  209 ,  18
47,38,255 ,166 ,  83 ,  34
52,38,17 ,166 ,  83 ,  34
53,38,7 ,160 ,  161 ,  159
57,38,51 ,166 ,  83 ,  34
59,38,3 ,100 ,  103 ,  101
0,39,1 ,0 ,  74 ,  45
1,39,1 ,21 ,  21 ,  21
2,39,1 ,0 ,  74 ,  45
3,39,1 ,21 ,  21 ,  21
5,39,3 ,0 ,  74 ,  45
7,39,1 ,21 ,  21 ,  21
8,39,255 ,0 ,  74 ,  45
12,39,1 ,0 ,  74 ,  45
13,39,1 ,21 ,  21 ,  21
16,39,15 ,21 ,  21 ,  21
20,39,3 ,21 ,  21 ,  21
23,39,1 ,21 ,  21 ,  21
24,39,1 ,0 ,  108 ,  183
25,39,15 ,160 ,  161 ,  159
29,39,1 ,100 ,  103 ,  101
30,39,7 ,21 ,  21 ,  21
34,39,1 ,21 ,  21 ,  21
35,39,3 ,160 ,  161 ,  159
37,39,3 ,21 ,  21 ,  21
39,39,1 ,166 ,  83 ,  34
41,39,1 ,229 ,  30 ,  38
42,39,3 ,221 ,  26 ,  33
44,39,1 ,229 ,  30 ,  38
45,39,1 ,245 ,  125 ,  32
46,39,17 ,166 ,  83 ,  34
51,39,1 ,166 ,  83 ,  34
53,39,1 ,166 ,  83 ,  34
54,39,1 ,245 ,  125 ,  32
55,39,3 ,166 ,  83 ,  34
59,39,1 ,100 ,  103 ,  101
60,39,1 ,0 ,  74 ,  45
61,39,1 ,100 ,  103 ,  101
62,39,4369 ,160 ,  161 ,  159
0,40,51 ,21 ,  21 ,  21
2,40,3 ,0 ,  74 ,  45
4,40,17 ,21 ,  21 ,  21
5,40,273 ,100 ,  103 ,  101
6,40,51 ,0 ,  74 ,  45
12,40,1 ,100 ,  103 ,  101
13,40,1 ,166 ,  83 ,  34
14,40,51 ,100 ,  103 ,  101
16,40,17 ,166 ,  83 ,  34
17,40,1 ,0 ,  74 ,  45
18,40,255 ,21 ,  21 ,  21
23,40,1 ,245 ,  125 ,  32
24,40,3 ,166 ,  83 ,  34
26,40,1 ,221 ,  26 ,  33
27,40,1 ,21 ,  21 ,  21
28,40,1 ,221 ,  26 ,  33
29,40,15 ,21 ,  21 ,  21
34,40,15 ,21 ,  21 ,  21
38,40,1 ,229 ,  30 ,  38
39,40,1 ,221 ,  26 ,  33
40,40,1 ,229 ,  30 ,  38
41,40,17 ,0 ,  57 ,  94
42,40,3 ,0 ,  108 ,  183
44,40,1 ,21 ,  21 ,  21
45,40,1 ,221 ,  26 ,  33
47,40,17 ,100 ,  103 ,  101
48,40,7 ,166 ,  83 ,  34
51,40,17 ,100 ,  103 ,  101
52,40,15 ,166 ,  83 ,  34
56,40,1 ,100 ,  103 ,  101
57,40,1 ,166 ,  83 ,  34
58,40,1 ,100 ,  103 ,  101
59,40,1 ,166 ,  83 ,  34
60,40,17 ,100 ,  103 ,  101
61,40,1 ,0 ,  74 ,  45
63,40,1 ,221 ,  196 ,  142
2,41,3 ,100 ,  103 ,  101
8,41,1 ,0 ,  74 ,  45
9,41,1 ,21 ,  21 ,  21
10,41,3 ,0 ,  74 ,  45
12,41,51 ,100 ,  103 ,  101
17,41,17 ,166 ,  83 ,  34
22,41,1 ,229 ,  30 ,  38
23,41,7 ,21 ,  21 ,  21
26,41,1 ,100 ,  103 ,  101
27,41,7 ,229 ,  30 ,  38
30,41,1 ,160 ,  161 ,  159
31,41,1 ,100 ,  103 ,  101
32,41,1 ,166 ,  83 ,  34
33,41,1 ,0 ,  57 ,  94
34,41,1 ,21 ,  21 ,  21
35,41,17 ,229 ,  30 ,  38
36,41,15 ,245 ,  125 ,  32
40,41,1 ,0 ,  108 ,  183
42,41,1 ,21 ,  21 ,  21
43,41,3 ,0 ,  108 ,  183
45,41,1 ,21 ,  21 ,  21
46,41,1 ,100 ,  103 ,  101
48,41,3 ,100 ,  103 ,  101
50,41,1 ,166 ,  83 ,  34
52,41,1 ,166 ,  83 ,  34
53,41,15 ,100 ,  103 ,  101
57,41,7 ,100 ,  103 ,  101
61,41,17 ,100 ,  103 ,  101
63,41,1 ,244 ,  244 ,  244
0,42,7 ,21 ,  21 ,  21
3,42,3 ,100 ,  103 ,  101
6,42,1 ,0 ,  74 ,  45
7,42,1 ,166 ,  83 ,  34
8,42,7 ,0 ,  74 ,  45
11,42,1 ,100 ,  103 ,  101
14,42,1 ,100 ,  103 ,  101
15,42,3 ,166 ,  83 ,  34
18,42,1 ,21 ,  21 ,  21
19,42,3 ,0 ,  74 ,  45
21,42,17 ,100 ,  103 ,  101
22,42,3 ,160 ,  161 ,  159
24,42,1 ,0 ,  153 ,  212
25,42,1 ,100 ,  103 ,  101
26,42,3 ,21 ,  21 ,  21
28,42,1 ,166 ,  83 ,  34
29,42,3 ,221 ,  26 ,  33
31,42,1 ,166 ,  83 ,  34
32,42,1 ,245 ,  125 ,  32
33,42,1 ,229 ,  30 ,  38
34,42,1 ,221 ,  26 ,  33
36,42,7 ,229 ,  30 ,  38
39,42,1 ,0 ,  57 ,  94
40,42,255 ,21 ,  21 ,  21
44,42,17 ,0 ,  108 ,  183
45,42,15 ,100 ,  103 ,  101
49,42,7 ,166 ,  83 ,  34
52,42,15 ,100 ,  103 ,  101
56,42,1 ,160 ,  161 ,  159
57,42,1 ,100 ,  103 ,  101
58,42,51 ,160 ,  161 ,  159
60,42,1 ,100 ,  103 ,  101
63,42,1 ,160 ,  161 ,  159
0,43,51 ,21 ,  21 ,  21
2,43,3 ,0 ,  74 ,  45
4,43,1 ,100 ,  103 ,  101
5,43,1 ,21 ,  21 ,  21
6,43,3 ,100 ,  103 ,  101
8,43,3 ,0 ,  74 ,  45
10,43,1 ,0 ,  175 ,  77
11,43,7 ,100 ,  103 ,  101
14,43,1 ,166 ,  83 ,  34
15,43,3 ,100 ,  103 ,  101
17,43,1 ,21 ,  21 ,  21
18,43,3 ,166 ,  83 ,  34
20,43,273 ,21 ,  21 ,  21
22,43,17 ,0 ,  108 ,  183
23,43,1 ,0 ,  74 ,  45
24,43,1 ,0 ,  57 ,  94
25,43,1 ,0 ,  74 ,  45
26,43,17 ,21 ,  21 ,  21
27,43,1 ,0 ,  57 ,  94
28,43,3 ,0 ,  108 ,  183
30,43,1 ,0 ,  153 ,  212
31,43,1 ,21 ,  21 ,  21
32,43,7 ,0 ,  108 ,  183
35,43,1 ,160 ,  161 ,  159
36,43,7 ,0 ,  153 ,  212
39,43,1 ,0 ,  108 ,  183
45,43,4369 ,21 ,  21 ,  21
46,43,15 ,100 ,  103 ,  101
50,43,3 ,100 ,  103 ,  101
52,43,1 ,160 ,  161 ,  159
53,43,1 ,100 ,  103 ,  101
54,43,15 ,160 ,  161 ,  159
60,43,3 ,160 ,  161 ,  159
62,43,3 ,100 ,  103 ,  101
2,44,1 ,0 ,  74 ,  45
3,44,1 ,21 ,  21 ,  21
4,44,7 ,0 ,  74 ,  45
7,44,1 ,160 ,  161 ,  159
8,44,15 ,100 ,  103 ,  101
12,44,255 ,160 ,  161 ,  159
16,44,1 ,160 ,  161 ,  159
17,44,3 ,100 ,  103 ,  101
19,44,17 ,0 ,  74 ,  45
21,44,1 ,0 ,  57 ,  94
23,44,1 ,0 ,  57 ,  94
24,44,1 ,0 ,  108 ,  183
25,44,1 ,0 ,  57 ,  94
27,44,1 ,0 ,  108 ,  183
28,44,1 ,0 ,  153 ,  212
29,44,1 ,21 ,  21 ,  21
30,44,1 ,0 ,  108 ,  183
31,44,1 ,0 ,  153 ,  212
32,44,1 ,21 ,  21 ,  21
33,44,17 ,0 ,  108 ,  183
34,44,3 ,21 ,  21 ,  21
36,44,1 ,0 ,  153 ,  212
37,44,1 ,21 ,  21 ,  21
38,44,17 ,0 ,  108 ,  183
39,44,1 ,0 ,  57 ,  94
40,44,3 ,21 ,  21 ,  21
42,44,1 ,0 ,  74 ,  45
43,44,1 ,160 ,  161 ,  159
44,44,1 ,0 ,  57 ,  94
46,44,1 ,160 ,  161 ,  159
47,44,7 ,100 ,  103 ,  101
50,44,15 ,160 ,  161 ,  159
54,44,7 ,160 ,  161 ,  159
57,44,15 ,100 ,  103 ,  101
61,44,3 ,100 ,  103 ,  101
63,44,1 ,0 ,  57 ,  94
0,45,1 ,0 ,  57 ,  94
1,45,1 ,21 ,  21 ,  21
2,45,3 ,0 ,  57 ,  94
4,45,1 ,21 ,  21 ,  21
5,45,1 ,100 ,  103 ,  101
6,45,17 ,21 ,  21 ,  21
7,45,1 ,0 ,  57 ,  94
8,45,1 ,160 ,  161 ,  159
9,45,7 ,100 ,  103 ,  101
16,45,1 ,100 ,  103 ,  101
17,45,1 ,160 ,  161 ,  159
18,45,1 ,21 ,  21 ,  21
21,45,1 ,0 ,  74 ,  45
22,45,1 ,0 ,  57 ,  94
23,45,15 ,21 ,  21 ,  21
27,45,7 ,21 ,  21 ,  21
30,45,1 ,0 ,  57 ,  94
31,45,3 ,21 ,  21 ,  21
34,45,1 ,0 ,  108 ,  183
35,45,1 ,21 ,  21 ,  21
36,45,1 ,0 ,  108 ,  183
37,45,1 ,21 ,  21 ,  21
39,45,51 ,21 ,  21 ,  21
41,45,1 ,221 ,  26 ,  33
42,45,1 ,0 ,  57 ,  94
43,45,1 ,160 ,  161 ,  159
44,45,273 ,21 ,  21 ,  21
46,45,51 ,100 ,  103 ,  101
48,45,17 ,166 ,  83 ,  34
49,45,1 ,160 ,  161 ,  159
50,45,3 ,100 ,  103 ,  101
52,45,1 ,160 ,  161 ,  159
53,45,15 ,100 ,  103 ,  101
57,45,7 ,21 ,  21 ,  21
60,45,1 ,0 ,  74 ,  45
61,45,7 ,21 ,  21 ,  21
0,46,15 ,21 ,  21 ,  21
4,46,1 ,100 ,  103 ,  101
5,46,1 ,0 ,  57 ,  94
7,46,3 ,21 ,  21 ,  21
9,46,3 ,0 ,  57 ,  94
11,46,1 ,0 ,  74 ,  45
12,46,15 ,100 ,  103 ,  101
16,46,3 ,21 ,  21 ,  21
18,46,1 ,0 ,  57 ,  94
19,46,1 ,21 ,  21 ,  21
20,46,1 ,0 ,  57 ,  94
21,46,17 ,21 ,  21 ,  21
22,46,1 ,229 ,  30 ,  38
23,46,1 ,221 ,  26 ,  33
24,46,1 ,0 ,  57 ,  94
25,46,1 ,0 ,  108 ,  183
26,46,17 ,21 ,  21 ,  21
27,46,7 ,221 ,  26 ,  33
30,46,3 ,0 ,  74 ,  45
32,46,15 ,21 ,  21 ,  21
36,46,7 ,21 ,  21 ,  21
41,46,17 ,166 ,  83 ,  34
42,46,4369 ,221 ,  26 ,  33
43,46,1 ,100 ,  103 ,  101
49,46,1 ,166 ,  83 ,  34
50,46,3 ,100 ,  103 ,  101
52,46,3 ,0 ,  57 ,  94
54,46,15 ,21 ,  21 ,  21
58,46,7 ,21 ,  21 ,  21
61,46,1 ,100 ,  103 ,  101
62,46,17 ,21 ,  21 ,  21
63,46,1 ,100 ,  103 ,  101
0,47,1 ,100 ,  103 ,  101
1,47,15 ,21 ,  21 ,  21
5,47,3 ,0 ,  74 ,  45
7,47,1 ,100 ,  103 ,  101
8,47,1 ,21 ,  21 ,  21
9,47,1 ,0 ,  74 ,  45
10,47,1 ,0 ,  57 ,  94
11,47,3 ,100 ,  103 ,  101
13,47,1 ,0 ,  74 ,  45
14,47,15 ,21 ,  21 ,  21
18,47,7 ,21 ,  21 ,  21
22,47,3 ,245 ,  125 ,  32
24,47,3 ,166 ,  83 ,  34
27,47,1 ,21 ,  21 ,  21
28,47,51 ,245 ,  125 ,  32
30,47,17 ,0 ,  153 ,  212
31,47,17 ,160 ,  161 ,  159
32,47,1 ,245 ,  125 ,  32
33,47,1 ,166 ,  83 ,  34
34,47,1 ,245 ,  125 ,  32
35,47,1 ,0 ,  57 ,  94
36,47,1 ,0 ,  108 ,  183
37,47,1 ,21 ,  21 ,  21
38,47,1 ,166 ,  83 ,  34
39,47,1 ,229 ,  30 ,  38
40,47,17 ,221 ,  26 ,  33
43,47,1 ,21 ,  21 ,  21
45,47,15 ,21 ,  21 ,  21
49,47,7 ,21 ,  21 ,  21
52,47,1 ,0 ,  74 ,  45
53,47,1 ,21 ,  21 ,  21
54,47,1 ,0 ,  57 ,  94
55,47,255 ,21 ,  21 ,  21
59,47,17 ,21 ,  21 ,  21
60,47,3 ,100 ,  103 ,  101
63,47,1 ,21 ,  21 ,  21
0,48,1 ,0 ,  57 ,  94
1,48,1 ,21 ,  21 ,  21
2,48,1 ,0 ,  74 ,  45
3,48,15 ,21 ,  21 ,  21
7,48,1 ,0 ,  74 ,  45
8,48,1 ,0 ,  57 ,  94
9,48,1 ,21 ,  21 ,  21
10,48,1 ,0 ,  74 ,  45
11,48,1 ,0 ,  57 ,  94
12,48,3 ,100 ,  103 ,  101
14,48,1 ,0 ,  57 ,  94
15,48,1 ,0 ,  74 ,  45
16,48,1 ,100 ,  103 ,  101
17,48,255 ,21 ,  21 ,  21
21,48,1 ,0 ,  57 ,  94
22,48,1 ,245 ,  125 ,  32
23,48,1 ,229 ,  30 ,  38
24,48,3 ,245 ,  125 ,  32
26,48,17 ,229 ,  30 ,  38
27,48,1 ,245 ,  125 ,  32
32,48,1 ,245 ,  125 ,  32
33,48,1 ,221 ,  26 ,  33
34,48,3 ,21 ,  21 ,  21
36,48,1 ,0 ,  57 ,  94
37,48,3 ,0 ,  108 ,  183
39,48,1 ,245 ,  125 ,  32
41,48,273 ,221 ,  26 ,  33
43,48,15 ,21 ,  21 ,  21
47,48,1 ,0 ,  74 ,  45
48,48,15 ,0 ,  57 ,  94
52,48,3 ,0 ,  57 ,  94
54,48,4369 ,21 ,  21 ,  21
60,48,1 ,160 ,  161 ,  159
61,48,3 ,21 ,  21 ,  21
63,48,1 ,100 ,  103 ,  101
0,49,1 ,160 ,  161 ,  159
1,49,7 ,21 ,  21 ,  21
4,49,1 ,0 ,  108 ,  183
5,49,1 ,0 ,  74 ,  45
6,49,7 ,21 ,  21 ,  21
9,49,1 ,0 ,  57 ,  94
10,49,3 ,21 ,  21 ,  21
12,49,17 ,0 ,  74 ,  45
13,49,255 ,21 ,  21 ,  21
21,49,1 ,21 ,  21 ,  21
22,49,17 ,221 ,  26 ,  33
23,49,7 ,229 ,  30 ,  38
27,49,1 ,229 ,  30 ,  38
28,49,1 ,221 ,  26 ,  33
29,49,1 ,245 ,  125 ,  32
30,49,17 ,0 ,  108 ,  183
31,49,1 ,0 ,  153 ,  212
32,49,15 ,229 ,  30 ,  38
36,49,1 ,229 ,  30 ,  38
37,49,1 ,21 ,  21 ,  21
38,49,1 ,0 ,  108 ,  183
39,49,17 ,229 ,  30 ,  38
40,49,17 ,221 ,  26 ,  33
43,49,1 ,166 ,  83 ,  34
44,49,15 ,100 ,  103 ,  101
48,49,3 ,0 ,  57 ,  94
50,49,1 ,100 ,  103 ,  101
51,49,7 ,21 ,  21 ,  21
55,49,3 ,0 ,  57 ,  94
57,49,1 ,166 ,  83 ,  34
58,49,1 ,0 ,  74 ,  45
59,49,1 ,166 ,  83 ,  34
60,49,1 ,21 ,  21 ,  21
61,49,17 ,100 ,  103 ,  101
62,49,51 ,21 ,  21 ,  21
0,50,7 ,21 ,  21 ,  21
3,50,1 ,0 ,  57 ,  94
4,50,7 ,21 ,  21 ,  21
7,50,1 ,100 ,  103 ,  101
8,50,3 ,21 ,  21 ,  21
10,50,1 ,0 ,  74 ,  45
11,50,17 ,21 ,  21 ,  21
17,50,15 ,21 ,  21 ,  21
21,50,1 ,0 ,  108 ,  183
23,50,1 ,166 ,  83 ,  34
24,50,15 ,21 ,  21 ,  21
28,50,17 ,21 ,  21 ,  21
29,50,1 ,166 ,  83 ,  34
31,50,17 ,0 ,  57 ,  94
32,50,7 ,21 ,  21 ,  21
35,50,7 ,221 ,  26 ,  33
38,50,1 ,21 ,  21 ,  21
42,50,1 ,221 ,  26 ,  33
43,50,1 ,21 ,  21 ,  21
44,50,1 ,100 ,  103 ,  101
45,50,15 ,0 ,  57 ,  94
49,50,15 ,21 ,  21 ,  21
53,50,17 ,21 ,  21 ,  21
55,50,1 ,166 ,  83 ,  34
56,50,3 ,100 ,  103 ,  101
58,50,7 ,21 ,  21 ,  21
0,51,1 ,100 ,  103 ,  101
1,51,1 ,21 ,  21 ,  21
2,51,1 ,100 ,  103 ,  101
3,51,1 ,160 ,  161 ,  159
4,51,1 ,0 ,  57 ,  94
5,51,1 ,100 ,  103 ,  101
6,51,3 ,21 ,  21 ,  21
8,51,1 ,0 ,  57 ,  94
9,51,51 ,21 ,  21 ,  21
12,51,1 ,0 ,  57 ,  94
13,51,15 ,21 ,  21 ,  21
17,51,1 ,0 ,  74 ,  45
18,51,7 ,21 ,  21 ,  21
21,51,1 ,0 ,  57 ,  94
22,51,1 ,166 ,  83 ,  34
23,51,17 ,21 ,  21 ,  21
24,51,3 ,166 ,  83 ,  34
26,51,1 ,221 ,  26 ,  33
27,51,1 ,21 ,  21 ,  21
29,51,17 ,21 ,  21 ,  21
30,51,1 ,0 ,  74 ,  45
32,51,1 ,0 ,  57 ,  94
33,51,17 ,21 ,  21 ,  21
34,51,15 ,221 ,  26 ,  33
38,51,1 ,166 ,  83 ,  34
39,51,1 ,221 ,  26 ,  33
40,51,1 ,100 ,  103 ,  101
41,51,17 ,21 ,  21 ,  21
42,51,1 ,0 ,  74 ,  45
43,51,1 ,100 ,  103 ,  101
44,51,3 ,0 ,  74 ,  45
46,51,1 ,0 ,  57 ,  94
47,51,1 ,0 ,  74 ,  45
48,51,3 ,21 ,  21 ,  21
50,51,1 ,100 ,  103 ,  101
51,51,3 ,21 ,  21 ,  21
55,51,15 ,21 ,  21 ,  21
59,51,15 ,21 ,  21 ,  21
63,51,1 ,0 ,  57 ,  94
0,52,1 ,21 ,  21 ,  21
1,52,1 ,100 ,  103 ,  101
2,52,1 ,21 ,  21 ,  21
3,52,1 ,100 ,  103 ,  101
4,52,15 ,21 ,  21 ,  21
8,52,1 ,21 ,  21 ,  21
11,52,1 ,21 ,  21 ,  21
12,52,1 ,0 ,  74 ,  45
13,52,7 ,21 ,  21 ,  21
16,52,1 ,0 ,  57 ,  94
17,52,15 ,21 ,  21 ,  21
21,52,3 ,21 ,  21 ,  21
24,52,15 ,21 ,  21 ,  21
28,52,1 ,21 ,  21 ,  21
30,52,7 ,21 ,  21 ,  21
34,52,3 ,21 ,  21 ,  21
36,52,1 ,221 ,  26 ,  33
37,52,1 ,166 ,  83 ,  34
38,52,17 ,21 ,  21 ,  21
39,52,3 ,166 ,  83 ,  34
42,52,1 ,21 ,  21 ,  21
43,52,1 ,0 ,  57 ,  94
44,52,1 ,100 ,  103 ,  101
45,52,3 ,21 ,  21 ,  21
47,52,1 ,0 ,  57 ,  94
48,52,15 ,21 ,  21 ,  21
52,52,3 ,0 ,  57 ,  94
54,52,1 ,21 ,  21 ,  21
55,52,1 ,100 ,  103 ,  101
56,52,15 ,21 ,  21 ,  21
60,52,1 ,221 ,  196 ,  142
61,52,1 ,160 ,  161 ,  159
62,52,3 ,21 ,  21 ,  21
0,53,15 ,21 ,  21 ,  21
4,53,1 ,21 ,  21 ,  21
5,53,1 ,100 ,  103 ,  101
6,53,1 ,0 ,  57 ,  94
7,53,7 ,21 ,  21 ,  21
10,53,1 ,0 ,  57 ,  94
11,53,1 ,100 ,  103 ,  101
12,53,1 ,160 ,  161 ,  159
13,53,1 ,100 ,  103 ,  101
14,53,1 ,0 ,  57 ,  94
15,53,255 ,21 ,  21 ,  21
19,53,7 ,0 ,  57 ,  94
22,53,1 ,100 ,  103 ,  101
23,53,1 ,0 ,  57 ,  94
24,53,3 ,100 ,  103 ,  101
26,53,1 ,0 ,  57 ,  94
27,53,3 ,21 ,  21 ,  21
29,53,3 ,221 ,  26 ,  33
31,53,15 ,21 ,  21 ,  21
35,53,1 ,0 ,  57 ,  94
36,53,3 ,21 ,  21 ,  21
39,53,15 ,21 ,  21 ,  21
43,53,17 ,21 ,  21 ,  21
44,53,3 ,166 ,  83 ,  34
46,53,3 ,160 ,  161 ,  159
48,53,1 ,21 ,  21 ,  21
49,53,1 ,0 ,  74 ,  45
50,53,1 ,0 ,  57 ,  94
51,53,1 ,21 ,  21 ,  21
52,53,1 ,0 ,  74 ,  45
53,53,1 ,0 ,  57 ,  94
54,53,1 ,160 ,  161 ,  159
55,53,15 ,21 ,  21 ,  21
59,53,3 ,100 ,  103 ,  101
61,53,17 ,166 ,  83 ,  34
62,53,1 ,0 ,  74 ,  45
63,53,17 ,21 ,  21 ,  21
0,54,1 ,21 ,  21 ,  21
1,54,1 ,100 ,  103 ,  101
2,54,1 ,21 ,  21 ,  21
3,54,3 ,0 ,  57 ,  94
5,54,1 ,21 ,  21 ,  21
6,54,1 ,0 ,  74 ,  45
7,54,1 ,21 ,  21 ,  21
8,54,1 ,166 ,  83 ,  34
9,54,1 ,21 ,  21 ,  21
10,54,1 ,0 ,  74 ,  45
11,54,1 ,21 ,  21 ,  21
12,54,1 ,0 ,  57 ,  94
13,54,1 ,160 ,  161 ,  159
14,54,1 ,21 ,  21 ,  21
19,54,15 ,21 ,  21 ,  21
23,54,1 ,21 ,  21 ,  21
24,54,7 ,221 ,  26 ,  33
27,54,1 ,166 ,  83 ,  34
28,54,1 ,0 ,  74 ,  45
29,54,3 ,229 ,  30 ,  38
31,54,3 ,21 ,  21 ,  21
33,54,1 ,0 ,  108 ,  183
34,54,1 ,0 ,  57 ,  94
35,54,3 ,21 ,  21 ,  21
37,54,1 ,0 ,  57 ,  94
38,54,1 ,21 ,  21 ,  21
39,54,17 ,160 ,  161 ,  159
40,54,1 ,21 ,  21 ,  21
41,54,1 ,221 ,  26 ,  33
42,54,1 ,21 ,  21 ,  21
44,54,7 ,21 ,  21 ,  21
47,54,1 ,166 ,  83 ,  34
48,54,1 ,160 ,  161 ,  159
49,54,1 ,221 ,  196 ,  142
50,54,1 ,21 ,  21 ,  21
51,54,1 ,0 ,  57 ,  94
52,54,1 ,160 ,  161 ,  159
53,54,1 ,0 ,  74 ,  45
54,54,3 ,21 ,  21 ,  21
56,54,1 ,160 ,  161 ,  159
57,54,1 ,21 ,  21 ,  21
58,54,1 ,0 ,  74 ,  45
59,54,3 ,21 ,  21 ,  21
62,54,1 ,166 ,  83 ,  34
0,55,3 ,0 ,  57 ,  94
2,55,3 ,21 ,  21 ,  21
4,55,7 ,0 ,  57 ,  94
7,55,1 ,100 ,  103 ,  101
8,55,1 ,0 ,  57 ,  94
9,55,15 ,21 ,  21 ,  21
13,55,1 ,0 ,  74 ,  45
14,55,1 ,0 ,  57 ,  94
15,55,3 ,21 ,  21 ,  21
17,55,1 ,100 ,  103 ,  101
18,55,1 ,0 ,  57 ,  94
19,55,1 ,21 ,  21 ,  21
20,55,1 ,0 ,  57 ,  94
21,55,3 ,100 ,  103 ,  101
23,55,3 ,221 ,  26 ,  33
25,55,15 ,21 ,  21 ,  21
29,55,1 ,160 ,  161 ,  159
30,55,1 ,229 ,  30 ,  38
31,55,17 ,166 ,  83 ,  34
32,55,1 ,21 ,  21 ,  21
33,55,1 ,0 ,  57 ,  94
34,55,15 ,21 ,  21 ,  21
38,55,1 ,0 ,  74 ,  45
40,55,1 ,21 ,  21 ,  21
41,55,1 ,166 ,  83 ,  34
42,55,1 ,221 ,  26 ,  33
43,55,3 ,100 ,  103 ,  101
45,55,15 ,21 ,  21 ,  21
49,55,1 ,21 ,  21 ,  21
50,55,17 ,166 ,  83 ,  34
51,55,1 ,160 ,  161 ,  159
52,55,7 ,221 ,  196 ,  142
55,55,1 ,166 ,  83 ,  34
56,55,1 ,100 ,  103 ,  101
57,55,1 ,160 ,  161 ,  159
58,55,1 ,221 ,  196 ,  142
59,55,1 ,166 ,  83 ,  34
60,55,1 ,221 ,  196 ,  142
61,55,1 ,160 ,  161 ,  159
62,55,3 ,244 ,  244 ,  244
0,56,7 ,21 ,  21 ,  21
3,56,1 ,0 ,  57 ,  94
4,56,1 ,21 ,  21 ,  21
5,56,1 ,100 ,  103 ,  101
6,56,15 ,21 ,  21 ,  21
10,56,3 ,0 ,  57 ,  94
12,56,7 ,21 ,  21 ,  21
15,56,1 ,100 ,  103 ,  101
16,56,1 ,21 ,  21 ,  21
17,56,1 ,0 ,  57 ,  94
18,56,1 ,21 ,  21 ,  21
19,56,17 ,0 ,  57 ,  94
20,56,7 ,21 ,  21 ,  21
23,56,15 ,229 ,  30 ,  38
27,56,7 ,229 ,  30 ,  38
30,56,1 ,160 ,  161 ,  159
32,56,1 ,166 ,  83 ,  34
33,56,1 ,21 ,  21 ,  21
34,56,3 ,0 ,  57 ,  94
36,56,1 ,0 ,  74 ,  45
37,56,3 ,21 ,  21 ,  21
39,56,1 ,0 ,  74 ,  45
40,56,1 ,166 ,  83 ,  34
41,56,1 ,21 ,  21 ,  21
42,56,1 ,229 ,  30 ,  38
43,56,255 ,21 ,  21 ,  21
47,56,1 ,100 ,  103 ,  101
48,56,1 ,21 ,  21 ,  21
49,56,1 ,100 ,  103 ,  101
51,56,255 ,21 ,  21 ,  21
55,56,255 ,21 ,  21 ,  21
59,56,1 ,100 ,  103 ,  101
60,56,1 ,160 ,  161 ,  159
61,56,1 ,166 ,  83 ,  34
62,56,1 ,160 ,  161 ,  159
63,56,1 ,221 ,  196 ,  142
0,57,3 ,100 ,  103 ,  101
2,57,1 ,0 ,  74 ,  45
3,57,7 ,21 ,  21 ,  21
6,57,1 ,100 ,  103 ,  101
7,57,1 ,160 ,  161 ,  159
8,57,255 ,21 ,  21 ,  21
12,57,1 ,0 ,  74 ,  45
13,57,1 ,0 ,  57 ,  94
14,57,1 ,0 ,  108 ,  183
15,57,3 ,0 ,  57 ,  94
17,57,3 ,21 ,  21 ,  21
20,57,17 ,100 ,  103 ,  101
21,57,1 ,0 ,  74 ,  45
22,57,1 ,21 ,  21 ,  21
23,57,1 ,0 ,  108 ,  183
24,57,1 ,166 ,  83 ,  34
25,57,15 ,229 ,  30 ,  38
29,57,3 ,166 ,  83 ,  34
31,57,17 ,21 ,  21 ,  21
32,57,1 ,221 ,  26 ,  33
33,57,1 ,100 ,  103 ,  101
34,57,1 ,0 ,  57 ,  94
35,57,1 ,0 ,  74 ,  45
36,57,1 ,21 ,  21 ,  21
37,57,3 ,100 ,  103 ,  101
39,57,1 ,21 ,  21 ,  21
40,57,273 ,100 ,  103 ,  101
41,57,1 ,0 ,  74 ,  45
42,57,17 ,21 ,  21 ,  21
47,57,15 ,21 ,  21 ,  21
59,57,7 ,21 ,  21 ,  21
62,57,51 ,166 ,  83 ,  34
0,58,3 ,21 ,  21 ,  21
2,58,1 ,0 ,  57 ,  94
3,58,1 ,0 ,  74 ,  45
4,58,1 ,21 ,  21 ,  21
5,58,1 ,0 ,  74 ,  45
6,58,17 ,21 ,  21 ,  21
7,58,17 ,0 ,  57 ,  94
12,58,3 ,21 ,  21 ,  21
14,58,1 ,0 ,  57 ,  94
15,58,1 ,21 ,  21 ,  21
16,58,3 ,0 ,  57 ,  94
18,58,1 ,21 ,  21 ,  21
19,58,1 ,0 ,  74 ,  45
21,58,1 ,100 ,  103 ,  101
22,58,7 ,0 ,  57 ,  94
25,58,1 ,100 ,  103 ,  101
26,58,3 ,0 ,  57 ,  94
28,58,1 ,21 ,  21 ,  21
29,58,1 ,0 ,  57 ,  94
30,58,1 ,21 ,  21 ,  21
32,58,1 ,21 ,  21 ,  21
33,58,1 ,0 ,  57 ,  94
34,58,255 ,21 ,  21 ,  21
38,58,17 ,21 ,  21 ,  21
39,58,1 ,100 ,  103 ,  101
41,58,1 ,160 ,  161 ,  159
43,58,15 ,21 ,  21 ,  21
47,58,273 ,21 ,  21 ,  21
48,58,3 ,0 ,  57 ,  94
50,58,1 ,100 ,  103 ,  101
51,58,1 ,0 ,  57 ,  94
52,58,1 ,0 ,  74 ,  45
53,58,1 ,21 ,  21 ,  21
54,58,1 ,0 ,  74 ,  45
55,58,1 ,21 ,  21 ,  21
56,58,273 ,100 ,  103 ,  101
57,58,15 ,21 ,  21 ,  21
61,58,1 ,100 ,  103 ,  101
0,59,1 ,0 ,  57 ,  94
1,59,15 ,21 ,  21 ,  21
5,59,1 ,21 ,  21 ,  21
8,59,1 ,100 ,  103 ,  101
9,59,17 ,0 ,  57 ,  94
10,59,1 ,21 ,  21 ,  21
11,59,1 ,0 ,  74 ,  45
12,59,3 ,21 ,  21 ,  21
14,59,1 ,0 ,  74 ,  45
15,59,17 ,100 ,  103 ,  101
16,59,1 ,21 ,  21 ,  21
17,59,1 ,0 ,  74 ,  45
18,59,1 ,0 ,  57 ,  94
19,59,17 ,100 ,  103 ,  101
20,59,1 ,160 ,  161 ,  159
21,59,3 ,0 ,  57 ,  94
23,59,1 ,21 ,  21 ,  21
24,59,3 ,0 ,  57 ,  94
26,59,1 ,0 ,  108 ,  183
27,59,1 ,100 ,  103 ,  101
28,59,17 ,0 ,  57 ,  94
29,59,15 ,21 ,  21 ,  21
33,59,17 ,21 ,  21 ,  21
39,59,17 ,21 ,  21 ,  21
41,59,3 ,0 ,  74 ,  45
43,59,7 ,100 ,  103 ,  101
46,59,1 ,0 ,  57 ,  94
48,59,1 ,160 ,  161 ,  159
49,59,1 ,0 ,  74 ,  45
50,59,17 ,0 ,  57 ,  94
51,59,7 ,21 ,  21 ,  21
54,59,1 ,0 ,  57 ,  94
55,59,1 ,21 ,  21 ,  21
57,59,3 ,21 ,  21 ,  21
59,59,1 ,160 ,  161 ,  159
60,59,7 ,21 ,  21 ,  21
63,59,17 ,0 ,  74 ,  45
0,60,3 ,21 ,  21 ,  21
2,60,1 ,0 ,  74 ,  45
3,60,1 ,0 ,  108 ,  183
4,60,3 ,100 ,  103 ,  101
6,60,1 ,0 ,  74 ,  45
7,60,1 ,21 ,  21 ,  21
8,60,1 ,0 ,  57 ,  94
10,60,1 ,0 ,  57 ,  94
11,60,3 ,21 ,  21 ,  21
13,60,1 ,0 ,  74 ,  45
14,60,17 ,21 ,  21 ,  21
16,60,7 ,100 ,  103 ,  101
20,60,1 ,0 ,  57 ,  94
21,60,3 ,100 ,  103 ,  101
23,60,1 ,0 ,  74 ,  45
24,60,15 ,21 ,  21 ,  21
29,60,3 ,21 ,  21 ,  21
31,60,1 ,0 ,  108 ,  183
32,60,1 ,21 ,  21 ,  21
34,60,1 ,21 ,  21 ,  21
35,60,1 ,0 ,  57 ,  94
36,60,7 ,21 ,  21 ,  21
40,60,17 ,21 ,  21 ,  21
41,60,7 ,100 ,  103 ,  101
44,60,1 ,0 ,  108 ,  183
45,60,3 ,21 ,  21 ,  21
48,60,3 ,100 ,  103 ,  101
51,60,3 ,100 ,  103 ,  101
53,60,1 ,0 ,  57 ,  94
54,60,51 ,21 ,  21 ,  21
57,60,1 ,160 ,  161 ,  159
58,60,1 ,0 ,  57 ,  94
59,60,1 ,0 ,  74 ,  45
60,60,1 ,166 ,  83 ,  34
61,60,1 ,21 ,  21 ,  21
62,60,1 ,166 ,  83 ,  34
0,61,1 ,0 ,  57 ,  94
1,61,51 ,100 ,  103 ,  101
3,61,3 ,0 ,  57 ,  94
5,61,1 ,0 ,  108 ,  183
6,61,17 ,21 ,  21 ,  21
7,61,1 ,0 ,  108 ,  183
8,61,3 ,0 ,  57 ,  94
10,61,1 ,21 ,  21 ,  21
11,61,1 ,0 ,  108 ,  183
12,61,1 ,0 ,  74 ,  45
13,61,1 ,21 ,  21 ,  21
15,61,17 ,21 ,  21 ,  21
16,61,1 ,100 ,  103 ,  101
17,61,1 ,160 ,  161 ,  159
18,61,1 ,100 ,  103 ,  101
19,61,1 ,0 ,  57 ,  94
20,61,3 ,21 ,  21 ,  21
22,61,1 ,0 ,  57 ,  94
23,61,1 ,21 ,  21 ,  21
24,61,1 ,0 ,  57 ,  94
25,61,3 ,21 ,  21 ,  21
27,61,1 ,0 ,  57 ,  94
28,61,17 ,21 ,  21 ,  21
29,61,17 ,0 ,  57 ,  94
30,61,3 ,100 ,  103 ,  101
32,61,1 ,0 ,  74 ,  45
33,61,15 ,21 ,  21 ,  21
37,61,7 ,21 ,  21 ,  21
41,61,1 ,100 ,  103 ,  101
42,61,1 ,0 ,  57 ,  94
43,61,51 ,21 ,  21 ,  21
45,61,17 ,100 ,  103 ,  101
46,61,1 ,0 ,  74 ,  45
47,61,3 ,0 ,  57 ,  94
49,61,1 ,21 ,  21 ,  21
50,61,3 ,100 ,  103 ,  101
52,61,17 ,21 ,  21 ,  21
53,61,1 ,100 ,  103 ,  101
56,61,1 ,0 ,  74 ,  45
57,61,17 ,21 ,  21 ,  21
58,61,1 ,0 ,  74 ,  45
59,61,1 ,160 ,  161 ,  159
60,61,1 ,166 ,  83 ,  34
61,61,1 ,160 ,  161 ,  159
62,61,51 ,21 ,  21 ,  21
0,62,17 ,21 ,  21 ,  21
3,62,1 ,160 ,  161 ,  159
4,62,51 ,100 ,  103 ,  101
7,62,17 ,21 ,  21 ,  21
8,62,3 ,0 ,  108 ,  183
10,62,17 ,0 ,  57 ,  94
11,62,3 ,100 ,  103 ,  101
13,62,3 ,21 ,  21 ,  21
16,62,7 ,21 ,  21 ,  21
19,62,17 ,0 ,  57 ,  94
20,62,1 ,0 ,  74 ,  45
21,62,7 ,21 ,  21 ,  21
24,62,3 ,0 ,  57 ,  94
26,62,1 ,0 ,  74 ,  45
27,62,1 ,0 ,  57 ,  94
30,62,1 ,0 ,  57 ,  94
31,62,17 ,0 ,  74 ,  45
32,62,1 ,21 ,  21 ,  21
33,62,17 ,0 ,  57 ,  94
34,62,15 ,21 ,  21 ,  21
38,62,1 ,21 ,  21 ,  21
39,62,1 ,0 ,  74 ,  45
40,62,3 ,21 ,  21 ,  21
42,62,1 ,166 ,  83 ,  34
46,62,51 ,21 ,  21 ,  21
48,62,1 ,0 ,  74 ,  45
49,62,1 ,0 ,  57 ,  94
50,62,51 ,21 ,  21 ,  21
53,62,1 ,0 ,  74 ,  45
54,62,7 ,21 ,  21 ,  21
58,62,1 ,100 ,  103 ,  101
59,62,1 ,0 ,  57 ,  94
60,62,1 ,100 ,  103 ,  101
61,62,1 ,21 ,  21 ,  21
1,63,1 ,0 ,  74 ,  45
2,63,3 ,100 ,  103 ,  101
6,63,1 ,21 ,  21 ,  21
8,63,1 ,0 ,  57 ,  94
9,63,1 ,100 ,  103 ,  101
11,63,3 ,0 ,  57 ,  94
13,63,1 ,0 ,  74 ,  45
14,63,7 ,0 ,  57 ,  94
17,63,1 ,0 ,  74 ,  45
18,63,1 ,0 ,  57 ,  94
20,63,1 ,0 ,  57 ,  94
21,63,1 ,0 ,  74 ,  45
22,63,1 ,21 ,  21 ,  21
23,63,1 ,0 ,  57 ,  94
24,63,3 ,0 ,  108 ,  183
26,63,1 ,21 ,  21 ,  21
27,63,1 ,0 ,  57 ,  94
28,63,1 ,100 ,  103 ,  101
29,63,1 ,160 ,  161 ,  159
30,63,1 ,100 ,  103 ,  101
32,63,1 ,21 ,  21 ,  21
34,63,1 ,160 ,  161 ,  159
35,63,1 ,0 ,  74 ,  45
36,63,7 ,21 ,  21 ,  21
39,63,3 ,100 ,  103 ,  101
41,63,1 ,166 ,  83 ,  34
42,63,1 ,100 ,  103 ,  101
43,63,3 ,21 ,  21 ,  21
45,63,1 ,0 ,  57 ,  94
48,63,3 ,21 ,  21 ,  21
52,63,1 ,100 ,  103 ,  101
53,63,1 ,21 ,  21 ,  21
54,63,1 ,0 ,  57 ,  94
55,63,1 ,21 ,  21 ,  21
56,63,1 ,100 ,  103 ,  101
57,63,1 ,0 ,  74 ,  45
58,63,7 ,21 ,  21 ,  21
61,63,1 ,100 ,  103 ,  101
62,63,3 ,21 ,  21 ,  21
