0,0,1 ,221 ,  196 ,  142
1,0,3 ,247 ,  209 ,  18
3,0,1 ,244 ,  244 ,  244
4,0,1 ,247 ,  209 ,  18
5,0,1 ,244 ,  244 ,  244
6,0,1 ,0 ,  108 ,  183
7,0,1 ,160 ,  161 ,  159
8,0,1 ,100 ,  103 ,  101
9,0,1 ,21 ,  21 ,  21
10,0,1 ,0 ,  108 ,  183
11,0,15 ,244 ,  244 ,  244
15,0,17 ,21 ,  21 ,  21
16,0,1 ,166 ,  83 ,  34
17,0,1 ,100 ,  103 ,  101
18,0,17 ,244 ,  244 ,  244
19,0,3 ,166 ,  83 ,  34
21,0,1 ,247 ,  209 ,  18
22,0,1 ,166 ,  83 ,  34
23,0,255 ,244 ,  244 ,  244
27,0,1 ,244 ,  244 ,  244
28,0,1 ,21 ,  21 ,  21
29,0,15 ,247 ,  209 ,  18
33,0,1 ,100 ,  103 ,  101
34,0,1 ,21 ,  21 ,  21
35,0,1 ,166 ,  83 ,  34
36,0,1 ,247 ,  209 ,  18
37,0,17 ,21 ,  21 ,  21
38,0,1 ,166 ,  83 ,  34
39,0,1 ,247 ,  209 ,  18
40,0,17 ,166 ,  83 ,  34
41,0,1 ,100 ,  103 ,  101
42,0,7 ,247 ,  209 ,  18
45,0,7 ,21 ,  21 ,  21
48,0,1 ,166 ,  83 ,  34
49,0,7 ,0 ,  74 ,  45
52,0,3 ,100 ,  103 ,  101
54,0,4369 ,0 ,  74 ,  45
55,0,1 ,100 ,  103 ,  101
56,0,3 ,21 ,  21 ,  21
58,0,1 ,247 ,  209 ,  18
59,0,1 ,160 ,  161 ,  159
60,0,1 ,21 ,  21 ,  21
61,0,1 ,160 ,  161 ,  159
62,0,17 ,21 ,  21 ,  21
63,0,1 ,247 ,  209 ,  18
0,1,1 ,21 ,  21 ,  21
1,1,1 ,100 ,  103 ,  101
2,1,1 ,247 ,  209 ,  18
3,1,1 ,21 ,  21 ,  21
4,1,1 ,0 ,  74 ,  45
5,1,1 ,247 ,  209 ,  18
6,1,1 ,221 ,  196 ,  142
7,1,1 ,244 ,  244 ,  244
8,1,17 ,166 ,  83 ,  34
9,1,1 ,100 ,  103 ,  101
10,1,1 ,244 ,  244 ,  244
11,1,1 ,100 ,  103 ,  101
12,1,3 ,244 ,  244 ,  244
14,1,1 ,166 ,  83 ,  34
16,1,1 ,247 ,  209 ,  18
17,1,1 ,160 ,  161 ,  159
19,1,1 ,0 ,  74 ,  45
20,1,17 ,244 ,  244 ,  244
21,1,1 ,166 ,  83 ,  34
22,1,1 ,221 ,  196 ,  142
27,1,1 ,221 ,  196 ,  142
28,1,1 ,247 ,  209 ,  18
29,1,3 ,221 ,  196 ,  142
31,1,1 ,244 ,  244 ,  244
32,1,1 ,21 ,  21 ,  21
33,1,17 ,247 ,  209 ,  18
34,1,1 ,0 ,  74 ,  45
35,1,17 ,166 ,  83 ,  34
36,1,1 ,221 ,  196 ,  142
38,1,1 ,100 ,  103 ,  101
39,1,1 ,21 ,  21 ,  21
41,1,1 ,0 ,  74 ,  45
42,1,1 ,247 ,  209 ,  18
43,1,1 ,166 ,  83 ,  34
44,1,1 ,0 ,  74 ,  45
45,1,1 ,247 ,  209 ,  18
46,1,1 ,21 ,  21 ,  21
47,1,1 ,100 ,  103 ,  101
48,1,3 ,252 ,  195 ,  158
50,1,1 ,100 ,  103 ,  101
51,1,1 ,21 ,  21 ,  21
52,1,1 ,0 ,  74 ,  45
53,1,1 ,221 ,  196 ,  142
55,1,1 ,21 ,  21 ,  21
56,1,1 ,166 ,  83 ,  34
57,1,3 ,100 ,  103 ,  101
59,1,1 ,0 ,  74 ,  45
60,1,1 ,247 ,  209 ,  18
61,1,1 ,244 ,  244 ,  244
63,1,1 ,221 ,  196 ,  142
0,2,1 ,0 ,  74 ,  45
1,2,1 ,21 ,  21 ,  21
2,2,3 ,244 ,  244 ,  244
4,2,1 ,252 ,  195 ,  158
5,2,1 ,21 ,  21 ,  21
6,2,1 ,166 ,  83 ,  34
7,2,1 ,247 ,  209 ,  18
9,2,1 ,100 ,  103 ,  101
10,2,15 ,21 ,  21 ,  21
14,2,15 ,244 ,  244 ,  244
18,2,3 ,244 ,  244 ,  244
21,2,3 ,244 ,  244 ,  244
23,2,17 ,166 ,  83 ,  34
24,2,1 ,247 ,  209 ,  18
25,2,15 ,244 ,  244 ,  244
29,2,3 ,247 ,  209 ,  18
31,2,1 ,166 ,  83 ,  34
32,2,1 ,247 ,  209 ,  18
34,2,1 ,247 ,  209 ,  18
36,2,1 ,166 ,  83 ,  34
37,2,1 ,247 ,  209 ,  18
38,2,273 ,166 ,  83 ,  34
39,2,17 ,247 ,  209 ,  18
40,2,1 ,244 ,  244 ,  244
41,2,1 ,221 ,  196 ,  142
42,2,1 ,0 ,  74 ,  45
43,2,1 ,247 ,  209 ,  18
44,2,1 ,166 ,  83 ,  34
45,2,1 ,244 ,  244 ,  244
46,2,1 ,0 ,  74 ,  45
47,2,3 ,166 ,  83 ,  34
49,2,7 ,0 ,  74 ,  45
52,2,1 ,247 ,  209 ,  18
53,2,1 ,160 ,  161 ,  159
55,2,1 ,247 ,  209 ,  18
56,2,273 ,21 ,  21 ,  21
57,2,1 ,160 ,  161 ,  159
58,2,17 ,100 ,  103 ,  101
59,2,1 ,244 ,  244 ,  244
60,2,1 ,0 ,  74 ,  45
61,2,1 ,247 ,  209 ,  18
62,2,3 ,244 ,  244 ,  244
0,3,1 ,21 ,  21 ,  21
1,3,51 ,100 ,  103 ,  101
3,3,1 ,21 ,  21 ,  21
4,3,51 ,247 ,  209 ,  18
6,3,1 ,21 ,  21 ,  21
7,3,1 ,100 ,  103 ,  101
8,3,1 ,247 ,  209 ,  18
9,3,1 ,21 ,  21 ,  21
10,3,1 ,247 ,  209 ,  18
11,3,1 ,100 ,  103 ,  101
12,3,1 ,244 ,  244 ,  244
13,3,1 ,100 ,  103 ,  101
14,3,3 ,244 ,  244 ,  244
16,3,1 ,100 ,  103 ,  101
17,3,7 ,244 ,  244 ,  244
20,3,1 ,100 ,  103 ,  101
21,3,1 ,160 ,  161 ,  159
22,3,1 ,252 ,  195 ,  158
24,3,1 ,244 ,  244 ,  244
25,3,1 ,247 ,  209 ,  18
26,3,1 ,244 ,  244 ,  244
27,3,3 ,247 ,  209 ,  18
29,3,17 ,244 ,  244 ,  244
30,3,1 ,166 ,  83 ,  34
31,3,7 ,247 ,  209 ,  18
34,3,1 ,166 ,  83 ,  34
35,3,3 ,0 ,  74 ,  45
37,3,273 ,247 ,  209 ,  18
40,3,1 ,100 ,  103 ,  101
41,3,1 ,247 ,  209 ,  18
42,3,1 ,221 ,  196 ,  142
43,3,15 ,166 ,  83 ,  34
47,3,1 ,166 ,  83 ,  34
48,3,1 ,21 ,  21 ,  21
49,3,1 ,221 ,  196 ,  142
50,3,1 ,244 ,  244 ,  244
51,3,3 ,100 ,  103 ,  101
53,3,1 ,244 ,  244 ,  244
55,3,1 ,166 ,  83 ,  34
57,3,1 ,100 ,  103 ,  101
59,3,1 ,244 ,  244 ,  244
60,3,1 ,166 ,  83 ,  34
61,3,1 ,0 ,  74 ,  45
62,3,1 ,21 ,  21 ,  21
63,3,1 ,0 ,  74 ,  45
0,4,1 ,244 ,  244 ,  244
3,4,273 ,166 ,  83 ,  34
6,4,1 ,100 ,  103 ,  101
7,4,3 ,21 ,  21 ,  21
9,4,1 ,100 ,  103 ,  101
10,4,1 ,21 ,  21 ,  21
11,4,1 ,166 ,  83 ,  34
12,4,15 ,244 ,  244 ,  244
16,4,51 ,244 ,  244 ,  244
18,4,1 ,160 ,  161 ,  159
19,4,273 ,247 ,  209 ,  18
20,4,1 ,166 ,  83 ,  34
21,4,1 ,21 ,  21 ,  21
22,4,1 ,244 ,  244 ,  244
23,4,1 ,100 ,  103 ,  101
24,4,3 ,244 ,  244 ,  244
26,4,1 ,247 ,  209 ,  18
27,4,1 ,221 ,  196 ,  142
28,4,1 ,166 ,  83 ,  34
30,4,1 ,244 ,  244 ,  244
31,4,3 ,247 ,  209 ,  18
33,4,1 ,166 ,  83 ,  34
34,4,3 ,247 ,  209 ,  18
36,4,1 ,166 ,  83 ,  34
39,4,1 ,244 ,  244 ,  244
40,4,3 ,221 ,  196 ,  142
42,4,3 ,247 ,  209 ,  18
44,4,1 ,160 ,  161 ,  159
45,4,1 ,244 ,  244 ,  244
46,4,1 ,166 ,  83 ,  34
47,4,1 ,160 ,  161 ,  159
48,4,1 ,244 ,  244 ,  244
49,4,1 ,166 ,  83 ,  34
50,4,1 ,244 ,  244 ,  244
51,4,1 ,100 ,  103 ,  101
52,4,1 ,166 ,  83 ,  34
53,4,1 ,247 ,  209 ,  18
54,4,1 ,0 ,  74 ,  45
55,4,1 ,160 ,  161 ,  159
57,4,17 ,166 ,  83 ,  34
58,4,1 ,160 ,  161 ,  159
59,4,3 ,0 ,  74 ,  45
61,4,3 ,100 ,  103 ,  101
63,4,1 ,166 ,  83 ,  34
0,5,1 ,21 ,  21 ,  21
1,5,1 ,0 ,  74 ,  45
2,5,1 ,247 ,  209 ,  18
4,5,1 ,247 ,  209 ,  18
5,5,1 ,21 ,  21 ,  21
6,5,1 ,100 ,  103 ,  101
7,5,1 ,244 ,  244 ,  244
8,5,1 ,166 ,  83 ,  34
9,5,1 ,160 ,  161 ,  159
10,5,3 ,244 ,  244 ,  244
12,5,17 ,247 ,  209 ,  18
13,5,3 ,244 ,  244 ,  244
15,5,1 ,166 ,  83 ,  34
18,5,1 ,244 ,  244 ,  244
20,5,1 ,252 ,  195 ,  158
21,5,17 ,244 ,  244 ,  244
22,5,17 ,252 ,  195 ,  158
23,5,7 ,247 ,  209 ,  18
26,5,1 ,221 ,  196 ,  142
27,5,1 ,252 ,  195 ,  158
28,5,17 ,244 ,  244 ,  244
29,5,1 ,166 ,  83 ,  34
30,5,1 ,247 ,  209 ,  18
31,5,1 ,166 ,  83 ,  34
32,5,1 ,100 ,  103 ,  101
33,5,1 ,166 ,  83 ,  34
34,5,1 ,247 ,  209 ,  18
35,5,1 ,166 ,  83 ,  34
36,5,1 ,247 ,  209 ,  18
38,5,1 ,160 ,  161 ,  159
39,5,273 ,247 ,  209 ,  18
40,5,3 ,166 ,  83 ,  34
42,5,1 ,100 ,  103 ,  101
43,5,1 ,21 ,  21 ,  21
44,5,1 ,247 ,  209 ,  18
45,5,17 ,166 ,  83 ,  34
46,5,1 ,21 ,  21 ,  21
47,5,1 ,100 ,  103 ,  101
48,5,17 ,247 ,  209 ,  18
49,5,1 ,166 ,  83 ,  34
50,5,1 ,221 ,  196 ,  142
51,5,1 ,244 ,  244 ,  244
52,5,1 ,100 ,  103 ,  101
53,5,1 ,21 ,  21 ,  21
54,5,1 ,100 ,  103 ,  101
55,5,1 ,166 ,  83 ,  34
56,5,1 ,0 ,  74 ,  45
58,5,3 ,100 ,  103 ,  101
60,5,3 ,0 ,  74 ,  45
62,5,1 ,221 ,  196 ,  142
63,5,17 ,0 ,  74 ,  45
0,6,1 ,244 ,  244 ,  244
1,6,1 ,247 ,  209 ,  18
2,6,1 ,0 ,  74 ,  45
4,6,1 ,0 ,  74 ,  45
5,6,3 ,244 ,  244 ,  244
7,6,1 ,160 ,  161 ,  159
8,6,1 ,244 ,  244 ,  244
9,6,1 ,252 ,  195 ,  158
10,6,1 ,100 ,  103 ,  101
11,6,1 ,221 ,  196 ,  142
13,6,3 ,247 ,  209 ,  18
15,6,1 ,160 ,  161 ,  159
16,6,3 ,247 ,  209 ,  18
18,6,1 ,244 ,  244 ,  244
20,6,17 ,247 ,  209 ,  18
23,6,17 ,221 ,  196 ,  142
24,6,17 ,244 ,  244 ,  244
25,6,7 ,247 ,  209 ,  18
29,6,3 ,244 ,  244 ,  244
31,6,7 ,252 ,  195 ,  158
34,6,1 ,221 ,  196 ,  142
35,6,1 ,160 ,  161 ,  159
36,6,1 ,244 ,  244 ,  244
37,6,1 ,247 ,  209 ,  18
38,6,1 ,221 ,  196 ,  142
40,6,1 ,244 ,  244 ,  244
41,6,1 ,221 ,  196 ,  142
42,6,7 ,21 ,  21 ,  21
46,6,1 ,100 ,  103 ,  101
47,6,1 ,252 ,  195 ,  158
49,6,1 ,100 ,  103 ,  101
50,6,1 ,247 ,  209 ,  18
51,6,3 ,100 ,  103 ,  101
53,6,3 ,0 ,  74 ,  45
55,6,1 ,100 ,  103 ,  101
56,6,1 ,244 ,  244 ,  244
57,6,1 ,0 ,  74 ,  45
58,6,3 ,21 ,  21 ,  21
60,6,17 ,0 ,  74 ,  45
61,6,1 ,247 ,  209 ,  18
62,6,1 ,244 ,  244 ,  244
0,7,3 ,21 ,  21 ,  21
2,7,1 ,0 ,  74 ,  45
3,7,1 ,247 ,  209 ,  18
4,7,1 ,244 ,  244 ,  244
5,7,1 ,221 ,  196 ,  142
6,7,1 ,160 ,  161 ,  159
7,7,1 ,244 ,  244 ,  244
8,7,3 ,221 ,  196 ,  142
10,7,1 ,247 ,  209 ,  18
11,7,17 ,21 ,  21 ,  21
12,7,1 ,166 ,  83 ,  34
13,7,17 ,100 ,  103 ,  101
14,7,1 ,0 ,  74 ,  45
15,7,3 ,21 ,  21 ,  21
17,7,1 ,244 ,  244 ,  244
18,7,3 ,247 ,  209 ,  18
21,7,17 ,247 ,  209 ,  18
22,7,1 ,244 ,  244 ,  244
25,7,3 ,244 ,  244 ,  244
27,7,7 ,252 ,  195 ,  158
30,7,1 ,245 ,  125 ,  32
31,7,1 ,21 ,  21 ,  21
32,7,3 ,166 ,  83 ,  34
34,7,17 ,160 ,  161 ,  159
35,7,1 ,244 ,  244 ,  244
36,7,1 ,221 ,  196 ,  142
37,7,273 ,252 ,  195 ,  158
38,7,1 ,244 ,  244 ,  244
40,7,1 ,100 ,  103 ,  101
41,7,1 ,166 ,  83 ,  34
42,7,1 ,0 ,  74 ,  45
43,7,17 ,166 ,  83 ,  34
44,7,1 ,247 ,  209 ,  18
45,7,1 ,0 ,  74 ,  45
46,7,1 ,21 ,  21 ,  21
47,7,7 ,247 ,  209 ,  18
50,7,1 ,166 ,  83 ,  34
51,7,1 ,221 ,  196 ,  142
52,7,17 ,166 ,  83 ,  34
53,7,1 ,247 ,  209 ,  18
54,7,3 ,0 ,  74 ,  45
56,7,3 ,166 ,  83 ,  34
58,7,17 ,100 ,  103 ,  101
59,7,17 ,21 ,  21 ,  21
61,7,1 ,221 ,  196 ,  142
62,7,17 ,0 ,  74 ,  45
63,7,1 ,0 ,  175 ,  77
0,8,1 ,100 ,  103 ,  101
1,8,17 ,247 ,  209 ,  18
2,8,1 ,166 ,  83 ,  34
3,8,17 ,21 ,  21 ,  21
4,8,1 ,166 ,  83 ,  34
5,8,1 ,244 ,  244 ,  244
6,8,1 ,247 ,  209 ,  18
7,8,3 ,166 ,  83 ,  34
9,8,1 ,221 ,  196 ,  142
10,8,1 ,244 ,  244 ,  244
12,8,1 ,244 ,  244 ,  244
14,8,1 ,244 ,  244 ,  244
15,8,1 ,166 ,  83 ,  34
16,8,1 ,247 ,  209 ,  18
17,8,1 ,221 ,  196 ,  142
18,8,1 ,245 ,  125 ,  32
19,8,1 ,21 ,  21 ,  21
20,8,1 ,247 ,  209 ,  18
22,8,1 ,247 ,  209 ,  18
23,8,3 ,244 ,  244 ,  244
25,8,3 ,252 ,  195 ,  158
27,8,1 ,245 ,  125 ,  32
28,8,3 ,166 ,  83 ,  34
30,8,1 ,160 ,  161 ,  159
31,8,3 ,252 ,  195 ,  158
33,8,17 ,166 ,  83 ,  34
35,8,3 ,160 ,  161 ,  159
38,8,1 ,221 ,  196 ,  142
39,8,1 ,166 ,  83 ,  34
40,8,3 ,21 ,  21 ,  21
42,8,1 ,0 ,  74 ,  45
44,8,1 ,166 ,  83 ,  34
45,8,1 ,247 ,  209 ,  18
46,8,15 ,100 ,  103 ,  101
50,8,1 ,166 ,  83 ,  34
51,8,17 ,244 ,  244 ,  244
53,8,1 ,0 ,  74 ,  45
54,8,1 ,166 ,  83 ,  34
55,8,1 ,0 ,  74 ,  45
56,8,3 ,21 ,  21 ,  21
60,8,1 ,21 ,  21 ,  21
61,8,1 ,0 ,  74 ,  45
63,8,273 ,21 ,  21 ,  21
0,9,1 ,247 ,  209 ,  18
2,9,1 ,100 ,  103 ,  101
4,9,1 ,247 ,  209 ,  18
5,9,1 ,0 ,  74 ,  45
6,9,3 ,244 ,  244 ,  244
8,9,1 ,21 ,  21 ,  21
9,9,3 ,160 ,  161 ,  159
11,9,17 ,244 ,  244 ,  244
12,9,1 ,21 ,  21 ,  21
13,9,1 ,221 ,  196 ,  142
14,9,1 ,166 ,  83 ,  34
15,9,3 ,21 ,  21 ,  21
17,9,1 ,247 ,  209 ,  18
18,9,17 ,21 ,  21 ,  21
19,9,17 ,166 ,  83 ,  34
20,9,3 ,247 ,  209 ,  18
22,9,1 ,252 ,  195 ,  158
23,9,1 ,166 ,  83 ,  34
24,9,3 ,252 ,  195 ,  158
26,9,1 ,166 ,  83 ,  34
27,9,17 ,160 ,  161 ,  159
28,9,7 ,252 ,  195 ,  158
31,9,3 ,166 ,  83 ,  34
34,9,7 ,166 ,  83 ,  34
38,9,3 ,252 ,  195 ,  158
40,9,3 ,244 ,  244 ,  244
42,9,1 ,21 ,  21 ,  21
43,9,1 ,247 ,  209 ,  18
44,9,1 ,100 ,  103 ,  101
45,9,1 ,166 ,  83 ,  34
46,9,1 ,221 ,  196 ,  142
47,9,17 ,21 ,  21 ,  21
48,9,1 ,247 ,  209 ,  18
49,9,1 ,221 ,  196 ,  142
50,9,1 ,244 ,  244 ,  244
52,9,3 ,160 ,  161 ,  159
54,9,1 ,247 ,  209 ,  18
55,9,1 ,166 ,  83 ,  34
56,9,1 ,221 ,  196 ,  142
57,9,1 ,21 ,  21 ,  21
58,9,1 ,247 ,  209 ,  18
59,9,1 ,166 ,  83 ,  34
60,9,1 ,0 ,  74 ,  45
61,9,1 ,166 ,  83 ,  34
62,9,1 ,244 ,  244 ,  244
0,10,1 ,0 ,  74 ,  45
1,10,1 ,0 ,  175 ,  77
2,10,1 ,0 ,  74 ,  45
3,10,1 ,100 ,  103 ,  101
4,10,3 ,166 ,  83 ,  34
6,10,1 ,160 ,  161 ,  159
7,10,1 ,166 ,  83 ,  34
8,10,1 ,247 ,  209 ,  18
9,10,1 ,221 ,  196 ,  142
10,10,17 ,21 ,  21 ,  21
12,10,1 ,244 ,  244 ,  244
13,10,1 ,160 ,  161 ,  159
14,10,17 ,247 ,  209 ,  18
15,10,3 ,166 ,  83 ,  34
17,10,1 ,21 ,  21 ,  21
20,10,1 ,245 ,  125 ,  32
21,10,1 ,252 ,  195 ,  158
22,10,1 ,166 ,  83 ,  34
23,10,3 ,252 ,  195 ,  158
25,10,1 ,166 ,  83 ,  34
26,10,1 ,21 ,  21 ,  21
28,10,1 ,252 ,  195 ,  158
29,10,15 ,166 ,  83 ,  34
33,10,1 ,160 ,  161 ,  159
34,10,1 ,252 ,  195 ,  158
35,10,1 ,100 ,  103 ,  101
36,10,3 ,160 ,  161 ,  159
38,10,3 ,166 ,  83 ,  34
40,10,3 ,221 ,  196 ,  142
42,10,1 ,100 ,  103 ,  101
43,10,1 ,166 ,  83 ,  34
44,10,3 ,0 ,  74 ,  45
46,10,1 ,247 ,  209 ,  18
48,10,1 ,0 ,  74 ,  45
49,10,3 ,166 ,  83 ,  34
51,10,3 ,247 ,  209 ,  18
53,10,3 ,166 ,  83 ,  34
55,10,17 ,160 ,  161 ,  159
56,10,1 ,166 ,  83 ,  34
57,10,17 ,221 ,  196 ,  142
58,10,1 ,166 ,  83 ,  34
59,10,1 ,100 ,  103 ,  101
60,10,1 ,166 ,  83 ,  34
61,10,273 ,100 ,  103 ,  101
62,10,1 ,0 ,  74 ,  45
0,11,1 ,0 ,  175 ,  77
1,11,3 ,247 ,  209 ,  18
3,11,17 ,0 ,  74 ,  45
4,11,3 ,247 ,  209 ,  18
6,11,1 ,166 ,  83 ,  34
7,11,1 ,0 ,  74 ,  45
8,11,1 ,166 ,  83 ,  34
9,11,1 ,160 ,  161 ,  159
11,11,1 ,247 ,  209 ,  18
12,11,273 ,21 ,  21 ,  21
13,11,17 ,166 ,  83 ,  34
15,11,1 ,0 ,  74 ,  45
16,11,17 ,247 ,  209 ,  18
17,11,7 ,166 ,  83 ,  34
20,11,1 ,252 ,  195 ,  158
21,11,1 ,166 ,  83 ,  34
22,11,3 ,252 ,  195 ,  158
24,11,1 ,166 ,  83 ,  34
25,11,1 ,21 ,  21 ,  21
26,11,1 ,166 ,  83 ,  34
27,11,1 ,252 ,  195 ,  158
28,11,1 ,166 ,  83 ,  34
29,11,1 ,252 ,  195 ,  158
30,11,1 ,21 ,  21 ,  21
31,11,3 ,166 ,  83 ,  34
33,11,1 ,160 ,  161 ,  159
34,11,1 ,166 ,  83 ,  34
35,11,3 ,160 ,  161 ,  159
37,11,3 ,166 ,  83 ,  34
39,11,17 ,21 ,  21 ,  21
40,11,17 ,166 ,  83 ,  34
41,11,17 ,160 ,  161 ,  159
42,11,1 ,221 ,  196 ,  142
43,11,1 ,21 ,  21 ,  21
44,11,1 ,247 ,  209 ,  18
45,11,1 ,100 ,  103 ,  101
46,11,17 ,0 ,  74 ,  45
47,11,1 ,166 ,  83 ,  34
48,11,1 ,247 ,  209 ,  18
49,11,1 ,166 ,  83 ,  34
50,11,1 ,247 ,  209 ,  18
51,11,1 ,100 ,  103 ,  101
52,11,1 ,247 ,  209 ,  18
53,11,1 ,244 ,  244 ,  244
54,11,17 ,247 ,  209 ,  18
56,11,1 ,221 ,  196 ,  142
58,11,7 ,0 ,  74 ,  45
62,11,1 ,221 ,  196 ,  142
63,11,1 ,0 ,  175 ,  77
0,12,273 ,247 ,  209 ,  18
1,12,3 ,100 ,  103 ,  101
4,12,1 ,247 ,  209 ,  18
5,12,3 ,0 ,  74 ,  45
7,12,7 ,247 ,  209 ,  18
10,12,3 ,166 ,  83 ,  34
14,12,1 ,247 ,  209 ,  18
15,12,1 ,221 ,  196 ,  142
17,12,1 ,247 ,  209 ,  18
18,12,1 ,166 ,  83 ,  34
19,12,3 ,252 ,  195 ,  158
21,12,1 ,221 ,  196 ,  142
22,12,17 ,245 ,  125 ,  32
23,12,1 ,221 ,  196 ,  142
24,12,1 ,166 ,  83 ,  34
25,12,1 ,221 ,  196 ,  142
26,12,1 ,166 ,  83 ,  34
27,12,17 ,245 ,  125 ,  32
28,12,15 ,166 ,  83 ,  34
32,12,15 ,166 ,  83 ,  34
36,12,1 ,160 ,  161 ,  159
37,12,3 ,166 ,  83 ,  34
42,12,1 ,252 ,  195 ,  158
43,12,1 ,166 ,  83 ,  34
44,12,1 ,21 ,  21 ,  21
45,12,1 ,166 ,  83 ,  34
47,12,15 ,247 ,  209 ,  18
51,12,1 ,244 ,  244 ,  244
52,12,17 ,247 ,  209 ,  18
53,12,1 ,100 ,  103 ,  101
55,12,1 ,100 ,  103 ,  101
56,12,1 ,166 ,  83 ,  34
57,12,3 ,0 ,  74 ,  45
59,12,1 ,100 ,  103 ,  101
60,12,1 ,21 ,  21 ,  21
62,12,1 ,100 ,  103 ,  101
63,12,1 ,247 ,  209 ,  18
1,13,7 ,21 ,  21 ,  21
4,13,1 ,247 ,  209 ,  18
5,13,1 ,166 ,  83 ,  34
6,13,1 ,247 ,  209 ,  18
7,13,1 ,21 ,  21 ,  21
8,13,1 ,166 ,  83 ,  34
9,13,1 ,252 ,  195 ,  158
10,13,1 ,221 ,  196 ,  142
11,13,1 ,21 ,  21 ,  21
13,13,1 ,21 ,  21 ,  21
14,13,1 ,247 ,  209 ,  18
15,13,3 ,21 ,  21 ,  21
17,13,1 ,166 ,  83 ,  34
18,13,3 ,252 ,  195 ,  158
20,13,1 ,166 ,  83 ,  34
21,13,1 ,252 ,  195 ,  158
23,13,17 ,160 ,  161 ,  159
24,13,1 ,252 ,  195 ,  158
25,13,1 ,245 ,  125 ,  32
26,13,1 ,166 ,  83 ,  34
28,13,3 ,166 ,  83 ,  34
30,13,7 ,21 ,  21 ,  21
33,13,3 ,166 ,  83 ,  34
35,13,1 ,160 ,  161 ,  159
36,13,1 ,166 ,  83 ,  34
37,13,3 ,160 ,  161 ,  159
39,13,7 ,166 ,  83 ,  34
42,13,17 ,160 ,  161 ,  159
43,13,17 ,166 ,  83 ,  34
44,13,7 ,247 ,  209 ,  18
47,13,1 ,0 ,  175 ,  77
48,13,15 ,247 ,  209 ,  18
53,13,1 ,0 ,  175 ,  77
54,13,1 ,166 ,  83 ,  34
55,13,1 ,21 ,  21 ,  21
56,13,1 ,100 ,  103 ,  101
57,13,1 ,0 ,  74 ,  45
58,13,1 ,21 ,  21 ,  21
59,13,1 ,166 ,  83 ,  34
60,13,1 ,100 ,  103 ,  101
61,13,17 ,21 ,  21 ,  21
62,13,1 ,244 ,  244 ,  244
63,13,1 ,0 ,  74 ,  45
1,14,1 ,0 ,  74 ,  45
2,14,1 ,21 ,  21 ,  21
3,14,7 ,247 ,  209 ,  18
6,14,3 ,166 ,  83 ,  34
8,14,17 ,247 ,  209 ,  18
9,14,17 ,221 ,  196 ,  142
10,14,1 ,166 ,  83 ,  34
11,14,15 ,21 ,  21 ,  21
15,14,1 ,21 ,  21 ,  21
16,14,1 ,0 ,  74 ,  45
17,14,1 ,166 ,  83 ,  34
18,14,1 ,252 ,  195 ,  158
19,14,17 ,221 ,  196 ,  142
20,14,1 ,252 ,  195 ,  158
21,14,17 ,166 ,  83 ,  34
22,14,1 ,160 ,  161 ,  159
24,14,1 ,221 ,  196 ,  142
25,14,51 ,166 ,  83 ,  34
27,14,1 ,160 ,  161 ,  159
28,14,255 ,21 ,  21 ,  21
32,14,15 ,166 ,  83 ,  34
36,14,1 ,166 ,  83 ,  34
37,14,1 ,21 ,  21 ,  21
38,14,3 ,166 ,  83 ,  34
40,14,1 ,21 ,  21 ,  21
41,14,1 ,166 ,  83 ,  34
44,14,17 ,166 ,  83 ,  34
45,14,1 ,21 ,  21 ,  21
46,14,3 ,247 ,  209 ,  18
48,14,1 ,100 ,  103 ,  101
49,14,3 ,247 ,  209 ,  18
51,14,1 ,166 ,  83 ,  34
52,14,3 ,21 ,  21 ,  21
54,14,1 ,247 ,  209 ,  18
55,14,1 ,160 ,  161 ,  159
56,14,3 ,166 ,  83 ,  34
58,14,1 ,0 ,  74 ,  45
59,14,3 ,21 ,  21 ,  21
62,14,1 ,100 ,  103 ,  101
63,14,1 ,21 ,  21 ,  21
0,15,3 ,166 ,  83 ,  34
2,15,17 ,100 ,  103 ,  101
3,15,1 ,21 ,  21 ,  21
4,15,3 ,247 ,  209 ,  18
6,15,17 ,0 ,  74 ,  45
7,15,1 ,247 ,  209 ,  18
10,15,1 ,21 ,  21 ,  21
11,15,1 ,166 ,  83 ,  34
12,15,1 ,21 ,  21 ,  21
13,15,3 ,244 ,  244 ,  244
15,15,1 ,252 ,  195 ,  158
16,15,1 ,166 ,  83 ,  34
17,15,1 ,244 ,  244 ,  244
18,15,1 ,166 ,  83 ,  34
20,15,1 ,245 ,  125 ,  32
22,15,1 ,245 ,  125 ,  32
23,15,3 ,166 ,  83 ,  34
27,15,1 ,166 ,  83 ,  34
32,15,1 ,166 ,  83 ,  34
33,15,1 ,21 ,  21 ,  21
34,15,7 ,166 ,  83 ,  34
37,15,1 ,21 ,  21 ,  21
38,15,1 ,166 ,  83 ,  34
39,15,1 ,21 ,  21 ,  21
40,15,3 ,166 ,  83 ,  34
42,15,1 ,21 ,  21 ,  21
43,15,1 ,166 ,  83 ,  34
45,15,17 ,166 ,  83 ,  34
46,15,1 ,0 ,  74 ,  45
47,15,1 ,0 ,  175 ,  77
48,15,4369 ,247 ,  209 ,  18
49,15,1 ,0 ,  175 ,  77
50,15,1 ,166 ,  83 ,  34
51,15,1 ,21 ,  21 ,  21
52,15,1 ,0 ,  74 ,  45
53,15,1 ,166 ,  83 ,  34
54,15,1 ,100 ,  103 ,  101
55,15,1 ,0 ,  74 ,  45
56,15,1 ,100 ,  103 ,  101
57,15,1 ,244 ,  244 ,  244
58,15,1 ,247 ,  209 ,  18
59,15,1 ,21 ,  21 ,  21
60,15,17 ,166 ,  83 ,  34
61,15,1 ,0 ,  74 ,  45
62,15,1 ,247 ,  209 ,  18
63,15,17 ,0 ,  74 ,  45
0,16,1 ,247 ,  209 ,  18
1,16,17 ,21 ,  21 ,  21
3,16,7 ,247 ,  209 ,  18
7,16,1 ,166 ,  83 ,  34
8,16,1 ,0 ,  74 ,  45
9,16,3 ,247 ,  209 ,  18
11,16,1 ,21 ,  21 ,  21
12,16,1 ,166 ,  83 ,  34
13,16,3 ,21 ,  21 ,  21
15,16,1 ,166 ,  83 ,  34
16,16,1 ,252 ,  195 ,  158
17,16,1 ,166 ,  83 ,  34
18,16,3 ,252 ,  195 ,  158
20,16,7 ,166 ,  83 ,  34
23,16,1 ,21 ,  21 ,  21
24,16,3 ,166 ,  83 ,  34
26,16,3 ,21 ,  21 ,  21
28,16,1 ,166 ,  83 ,  34
29,16,7 ,21 ,  21 ,  21
32,16,7 ,166 ,  83 ,  34
35,16,255 ,21 ,  21 ,  21
39,16,273 ,21 ,  21 ,  21
40,16,7 ,166 ,  83 ,  34
43,16,1 ,21 ,  21 ,  21
44,16,17 ,166 ,  83 ,  34
46,16,1 ,21 ,  21 ,  21
47,16,17 ,0 ,  74 ,  45
49,16,17 ,21 ,  21 ,  21
50,16,1 ,166 ,  83 ,  34
51,16,17 ,100 ,  103 ,  101
52,16,1 ,0 ,  74 ,  45
53,16,1 ,21 ,  21 ,  21
54,16,1 ,166 ,  83 ,  34
55,16,17 ,0 ,  175 ,  77
56,16,1 ,247 ,  209 ,  18
57,16,7 ,166 ,  83 ,  34
61,16,3 ,166 ,  83 ,  34
0,17,17 ,0 ,  74 ,  45
2,17,1 ,247 ,  209 ,  18
3,17,1 ,0 ,  175 ,  77
4,17,3 ,0 ,  74 ,  45
6,17,1 ,166 ,  83 ,  34
7,17,1 ,21 ,  21 ,  21
8,17,1 ,247 ,  209 ,  18
9,17,1 ,21 ,  21 ,  21
10,17,3 ,247 ,  209 ,  18
12,17,1 ,100 ,  103 ,  101
13,17,17 ,247 ,  209 ,  18
14,17,1 ,21 ,  21 ,  21
15,17,1 ,166 ,  83 ,  34
16,17,7 ,252 ,  195 ,  158
19,17,1 ,166 ,  83 ,  34
20,17,17 ,21 ,  21 ,  21
21,17,1 ,166 ,  83 ,  34
22,17,17 ,245 ,  125 ,  32
23,17,3 ,166 ,  83 ,  34
25,17,3 ,21 ,  21 ,  21
27,17,1 ,166 ,  83 ,  34
28,17,3 ,21 ,  21 ,  21
30,17,15 ,166 ,  83 ,  34
34,17,1 ,166 ,  83 ,  34
40,17,1 ,166 ,  83 ,  34
41,17,4369 ,221 ,  26 ,  33
42,17,17 ,166 ,  83 ,  34
43,17,1 ,21 ,  21 ,  21
45,17,4369 ,21 ,  21 ,  21
46,17,1 ,247 ,  209 ,  18
50,17,1 ,0 ,  74 ,  45
52,17,7 ,247 ,  209 ,  18
56,17,3 ,0 ,  74 ,  45
58,17,1 ,21 ,  21 ,  21
59,17,1 ,166 ,  83 ,  34
60,17,1 ,247 ,  209 ,  18
61,17,1 ,166 ,  83 ,  34
62,17,1 ,247 ,  209 ,  18
63,17,17 ,100 ,  103 ,  101
1,18,1 ,247 ,  209 ,  18
2,18,3 ,21 ,  21 ,  21
4,18,1 ,0 ,  74 ,  45
5,18,1 ,247 ,  209 ,  18
6,18,1 ,0 ,  74 ,  45
7,18,15 ,247 ,  209 ,  18
11,18,1 ,21 ,  21 ,  21
12,18,1 ,166 ,  83 ,  34
14,18,1 ,166 ,  83 ,  34
15,18,17 ,244 ,  244 ,  244
16,18,3 ,252 ,  195 ,  158
18,18,1 ,221 ,  196 ,  142
19,18,1 ,166 ,  83 ,  34
21,18,1 ,21 ,  21 ,  21
23,18,1 ,166 ,  83 ,  34
24,18,1 ,21 ,  21 ,  21
25,18,3 ,166 ,  83 ,  34
27,18,1 ,21 ,  21 ,  21
28,18,255 ,166 ,  83 ,  34
32,18,255 ,21 ,  21 ,  21
36,18,7 ,21 ,  21 ,  21
40,18,1 ,166 ,  83 ,  34
43,18,17 ,166 ,  83 ,  34
44,18,17 ,21 ,  21 ,  21
46,18,1 ,100 ,  103 ,  101
47,18,1 ,166 ,  83 ,  34
49,18,1 ,0 ,  74 ,  45
50,18,1 ,21 ,  21 ,  21
51,18,17 ,0 ,  74 ,  45
52,18,1 ,166 ,  83 ,  34
53,18,1 ,247 ,  209 ,  18
54,18,1 ,166 ,  83 ,  34
55,18,1 ,247 ,  209 ,  18
56,18,1 ,166 ,  83 ,  34
57,18,1 ,21 ,  21 ,  21
58,18,1 ,0 ,  74 ,  45
59,18,1 ,100 ,  103 ,  101
60,18,17 ,21 ,  21 ,  21
61,18,3 ,0 ,  74 ,  45
0,19,1 ,247 ,  209 ,  18
1,19,1 ,21 ,  21 ,  21
2,19,17 ,100 ,  103 ,  101
3,19,1 ,21 ,  21 ,  21
4,19,1 ,0 ,  74 ,  45
5,19,1 ,0 ,  175 ,  77
6,19,7 ,247 ,  209 ,  18
9,19,17 ,166 ,  83 ,  34
10,19,3 ,100 ,  103 ,  101
12,19,1 ,21 ,  21 ,  21
13,19,1 ,166 ,  83 ,  34
14,19,1 ,21 ,  21 ,  21
16,19,1 ,252 ,  195 ,  158
17,19,1 ,221 ,  196 ,  142
18,19,17 ,166 ,  83 ,  34
19,19,51 ,21 ,  21 ,  21
21,19,1 ,252 ,  195 ,  158
22,19,1 ,166 ,  83 ,  34
23,19,3 ,21 ,  21 ,  21
25,19,7 ,166 ,  83 ,  34
36,19,1 ,221 ,  26 ,  33
37,19,1 ,229 ,  30 ,  38
38,19,1 ,221 ,  26 ,  33
39,19,3 ,229 ,  30 ,  38
42,19,17 ,166 ,  83 ,  34
46,19,1 ,166 ,  83 ,  34
47,19,17 ,247 ,  209 ,  18
48,19,1 ,0 ,  74 ,  45
49,19,17 ,166 ,  83 ,  34
50,19,1 ,0 ,  74 ,  45
52,19,1 ,0 ,  74 ,  45
53,19,1 ,247 ,  209 ,  18
54,19,1 ,21 ,  21 ,  21
55,19,51 ,0 ,  74 ,  45
57,19,7 ,21 ,  21 ,  21
61,19,273 ,21 ,  21 ,  21
62,19,1 ,166 ,  83 ,  34
63,19,1 ,0 ,  74 ,  45
0,20,1 ,0 ,  175 ,  77
1,20,1 ,247 ,  209 ,  18
3,20,1 ,100 ,  103 ,  101
4,20,1 ,166 ,  83 ,  34
5,20,1 ,100 ,  103 ,  101
6,20,7 ,247 ,  209 ,  18
10,20,1 ,247 ,  209 ,  18
11,20,1 ,166 ,  83 ,  34
12,20,7 ,247 ,  209 ,  18
15,20,1 ,252 ,  195 ,  158
16,20,3 ,166 ,  83 ,  34
21,20,1 ,166 ,  83 ,  34
22,20,51 ,21 ,  21 ,  21
24,20,7 ,166 ,  83 ,  34
27,20,1 ,21 ,  21 ,  21
28,20,17 ,166 ,  83 ,  34
29,20,15 ,21 ,  21 ,  21
33,20,1 ,21 ,  21 ,  21
34,20,1 ,245 ,  125 ,  32
35,20,3 ,221 ,  196 ,  142
37,20,1 ,252 ,  195 ,  158
38,20,1 ,229 ,  30 ,  38
39,20,1 ,221 ,  26 ,  33
40,20,17 ,245 ,  125 ,  32
43,20,17 ,21 ,  21 ,  21
44,20,1 ,166 ,  83 ,  34
46,20,17 ,166 ,  83 ,  34
48,20,1 ,100 ,  103 ,  101
50,20,3 ,100 ,  103 ,  101
52,20,1 ,0 ,  175 ,  77
53,20,273 ,0 ,  74 ,  45
54,20,1 ,166 ,  83 ,  34
57,20,1 ,0 ,  74 ,  45
58,20,51 ,21 ,  21 ,  21
60,20,1 ,166 ,  83 ,  34
62,20,1 ,0 ,  74 ,  45
63,20,1 ,100 ,  103 ,  101
0,21,51 ,0 ,  74 ,  45
2,21,17 ,100 ,  103 ,  101
3,21,1 ,247 ,  209 ,  18
4,21,1 ,21 ,  21 ,  21
5,21,1 ,0 ,  175 ,  77
6,21,1 ,21 ,  21 ,  21
7,21,1 ,247 ,  209 ,  18
8,21,1 ,21 ,  21 ,  21
9,21,1 ,0 ,  74 ,  45
10,21,17 ,247 ,  209 ,  18
11,21,1 ,100 ,  103 ,  101
12,21,1 ,21 ,  21 ,  21
13,21,1 ,0 ,  74 ,  45
14,21,3 ,221 ,  196 ,  142
16,21,255 ,21 ,  21 ,  21
20,21,17 ,166 ,  83 ,  34
21,21,17 ,21 ,  21 ,  21
24,21,17 ,166 ,  83 ,  34
25,21,7 ,21 ,  21 ,  21
29,21,51 ,21 ,  21 ,  21
31,21,1 ,166 ,  83 ,  34
32,21,1 ,221 ,  26 ,  33
33,21,1 ,245 ,  125 ,  32
34,21,1 ,221 ,  196 ,  142
35,21,15 ,245 ,  125 ,  32
39,21,1 ,229 ,  30 ,  38
41,21,1 ,245 ,  125 ,  32
42,21,1 ,21 ,  21 ,  21
44,21,1 ,166 ,  83 ,  34
45,21,17 ,21 ,  21 ,  21
47,21,1 ,100 ,  103 ,  101
48,21,1 ,166 ,  83 ,  34
49,21,1 ,247 ,  209 ,  18
50,21,1 ,0 ,  175 ,  77
51,21,1 ,247 ,  209 ,  18
52,21,1 ,0 ,  74 ,  45
54,21,1 ,21 ,  21 ,  21
55,21,1 ,166 ,  83 ,  34
56,21,17 ,21 ,  21 ,  21
57,21,1 ,247 ,  209 ,  18
60,21,1 ,21 ,  21 ,  21
62,21,17 ,166 ,  83 ,  34
63,21,1 ,247 ,  209 ,  18
3,22,3 ,0 ,  175 ,  77
5,22,1 ,100 ,  103 ,  101
6,22,1 ,0 ,  74 ,  45
7,22,17 ,166 ,  83 ,  34
8,22,1 ,0 ,  74 ,  45
9,22,1 ,100 ,  103 ,  101
11,22,7 ,247 ,  209 ,  18
14,22,1 ,21 ,  21 ,  21
15,22,273 ,166 ,  83 ,  34
22,22,1 ,221 ,  26 ,  33
23,22,1 ,166 ,  83 ,  34
25,22,51 ,166 ,  83 ,  34
27,22,3 ,21 ,  21 ,  21
31,22,273 ,221 ,  26 ,  33
32,22,15 ,245 ,  125 ,  32
36,22,1 ,229 ,  30 ,  38
37,22,1 ,221 ,  26 ,  33
38,22,51 ,21 ,  21 ,  21
40,22,3 ,229 ,  30 ,  38
42,22,1 ,166 ,  83 ,  34
43,22,51 ,21 ,  21 ,  21
46,22,1 ,166 ,  83 ,  34
47,22,1 ,21 ,  21 ,  21
48,22,7 ,0 ,  74 ,  45
51,22,3 ,21 ,  21 ,  21
54,22,1 ,100 ,  103 ,  101
55,22,1 ,247 ,  209 ,  18
57,22,1 ,21 ,  21 ,  21
58,22,7 ,166 ,  83 ,  34
61,22,1 ,0 ,  74 ,  45
63,22,1 ,0 ,  74 ,  45
0,23,1 ,247 ,  209 ,  18
1,23,3 ,0 ,  74 ,  45
3,23,1 ,21 ,  21 ,  21
4,23,1 ,166 ,  83 ,  34
5,23,1 ,247 ,  209 ,  18
6,23,1 ,0 ,  175 ,  77
8,23,1 ,247 ,  209 ,  18
9,23,1 ,21 ,  21 ,  21
10,23,1 ,247 ,  209 ,  18
11,23,1 ,0 ,  74 ,  45
12,23,7 ,166 ,  83 ,  34
16,23,15 ,21 ,  21 ,  21
20,23,1 ,21 ,  21 ,  21
21,23,1 ,252 ,  195 ,  158
22,23,7 ,21 ,  21 ,  21
27,23,1 ,166 ,  83 ,  34
28,23,7 ,21 ,  21 ,  21
32,23,1 ,229 ,  30 ,  38
33,23,3 ,245 ,  125 ,  32
35,23,1 ,221 ,  26 ,  33
36,23,51 ,21 ,  21 ,  21
40,23,7 ,21 ,  21 ,  21
45,23,51 ,21 ,  21 ,  21
47,23,1 ,0 ,  74 ,  45
48,23,51 ,247 ,  209 ,  18
50,23,1 ,0 ,  74 ,  45
51,23,1 ,21 ,  21 ,  21
52,23,1 ,0 ,  74 ,  45
53,23,1 ,166 ,  83 ,  34
54,23,1 ,0 ,  74 ,  45
55,23,1 ,21 ,  21 ,  21
56,23,1 ,0 ,  74 ,  45
57,23,1 ,166 ,  83 ,  34
58,23,1 ,247 ,  209 ,  18
59,23,1 ,0 ,  74 ,  45
60,23,1 ,21 ,  21 ,  21
61,23,1 ,0 ,  74 ,  45
62,23,3 ,21 ,  21 ,  21
0,24,1 ,0 ,  74 ,  45
1,24,1 ,21 ,  21 ,  21
2,24,3 ,0 ,  74 ,  45
4,24,3 ,21 ,  21 ,  21
6,24,1 ,166 ,  83 ,  34
7,24,1 ,0 ,  74 ,  45
8,24,1 ,166 ,  83 ,  34
9,24,17 ,0 ,  74 ,  45
10,24,1 ,100 ,  103 ,  101
11,24,1 ,166 ,  83 ,  34
12,24,17 ,247 ,  209 ,  18
13,24,3 ,21 ,  21 ,  21
16,24,1 ,21 ,  21 ,  21
17,24,17 ,166 ,  83 ,  34
18,24,3 ,21 ,  21 ,  21
20,24,1 ,100 ,  103 ,  101
21,24,1 ,21 ,  21 ,  21
22,24,1 ,221 ,  196 ,  142
23,24,1 ,245 ,  125 ,  32
24,24,1 ,221 ,  26 ,  33
25,24,7 ,21 ,  21 ,  21
28,24,1 ,166 ,  83 ,  34
29,24,3 ,221 ,  26 ,  33
32,24,15 ,21 ,  21 ,  21
38,24,7 ,21 ,  21 ,  21
41,24,1 ,221 ,  26 ,  33
42,24,7 ,21 ,  21 ,  21
47,24,1 ,21 ,  21 ,  21
50,24,1 ,100 ,  103 ,  101
51,24,1 ,166 ,  83 ,  34
52,24,3 ,0 ,  74 ,  45
54,24,1 ,247 ,  209 ,  18
55,24,1 ,100 ,  103 ,  101
56,24,1 ,21 ,  21 ,  21
57,24,1 ,100 ,  103 ,  101
58,24,1 ,0 ,  74 ,  45
59,24,7 ,21 ,  21 ,  21
62,24,1 ,100 ,  103 ,  101
63,24,1 ,21 ,  21 ,  21
0,25,1 ,247 ,  209 ,  18
1,25,51 ,0 ,  74 ,  45
3,25,1 ,0 ,  175 ,  77
4,25,1 ,100 ,  103 ,  101
5,25,1 ,247 ,  209 ,  18
6,25,3 ,21 ,  21 ,  21
8,25,1 ,100 ,  103 ,  101
10,25,3 ,247 ,  209 ,  18
13,25,17 ,247 ,  209 ,  18
14,25,1 ,100 ,  103 ,  101
15,25,3 ,166 ,  83 ,  34
18,25,1 ,166 ,  83 ,  34
19,25,273 ,21 ,  21 ,  21
20,25,1 ,245 ,  125 ,  32
21,25,17 ,221 ,  196 ,  142
22,25,17 ,245 ,  125 ,  32
23,25,1 ,221 ,  26 ,  33
24,25,15 ,21 ,  21 ,  21
28,25,1 ,21 ,  21 ,  21
29,25,17 ,166 ,  83 ,  34
30,25,1 ,221 ,  26 ,  33
31,25,1 ,229 ,  30 ,  38
32,25,1 ,245 ,  125 ,  32
33,25,1 ,252 ,  195 ,  158
34,25,1 ,245 ,  125 ,  32
35,25,15 ,21 ,  21 ,  21
39,25,1 ,166 ,  83 ,  34
40,25,1 ,21 ,  21 ,  21
41,25,3 ,166 ,  83 ,  34
43,25,7 ,21 ,  21 ,  21
46,25,1 ,100 ,  103 ,  101
47,25,17 ,166 ,  83 ,  34
48,25,1 ,247 ,  209 ,  18
49,25,1 ,21 ,  21 ,  21
50,25,3 ,247 ,  209 ,  18
52,25,3 ,21 ,  21 ,  21
54,25,3 ,0 ,  74 ,  45
56,25,15 ,21 ,  21 ,  21
60,25,1 ,0 ,  74 ,  45
61,25,1 ,21 ,  21 ,  21
62,25,51 ,247 ,  209 ,  18
0,26,1 ,0 ,  74 ,  45
3,26,1 ,166 ,  83 ,  34
4,26,1 ,0 ,  175 ,  77
5,26,7 ,0 ,  74 ,  45
8,26,17 ,247 ,  209 ,  18
9,26,1 ,100 ,  103 ,  101
10,26,1 ,0 ,  175 ,  77
11,26,1 ,0 ,  74 ,  45
12,26,1 ,0 ,  175 ,  77
14,26,17 ,247 ,  209 ,  18
15,26,1 ,21 ,  21 ,  21
16,26,17 ,100 ,  103 ,  101
17,26,1 ,166 ,  83 ,  34
18,26,273 ,21 ,  21 ,  21
20,26,1 ,245 ,  125 ,  32
23,26,3 ,245 ,  125 ,  32
25,26,1 ,229 ,  30 ,  38
26,26,7 ,221 ,  26 ,  33
30,26,3 ,245 ,  125 ,  32
32,26,1 ,252 ,  195 ,  158
33,26,17 ,244 ,  244 ,  244
34,26,1 ,252 ,  195 ,  158
35,26,17 ,21 ,  21 ,  21
36,26,1 ,166 ,  83 ,  34
37,26,15 ,221 ,  26 ,  33
41,26,1 ,221 ,  26 ,  33
42,26,1 ,245 ,  125 ,  32
43,26,51 ,21 ,  21 ,  21
45,26,3 ,0 ,  74 ,  45
48,26,3 ,247 ,  209 ,  18
50,26,1 ,166 ,  83 ,  34
51,26,1 ,247 ,  209 ,  18
52,26,1 ,100 ,  103 ,  101
53,26,3 ,0 ,  74 ,  45
55,26,3 ,21 ,  21 ,  21
57,26,1 ,0 ,  74 ,  45
58,26,51 ,21 ,  21 ,  21
60,26,1 ,247 ,  209 ,  18
61,26,1 ,0 ,  175 ,  77
0,27,51 ,21 ,  21 ,  21
2,27,1 ,247 ,  209 ,  18
3,27,1 ,221 ,  196 ,  142
4,27,3 ,0 ,  74 ,  45
6,27,1 ,21 ,  21 ,  21
7,27,1 ,0 ,  175 ,  77
9,27,1 ,21 ,  21 ,  21
10,27,1 ,0 ,  74 ,  45
11,27,51 ,247 ,  209 ,  18
13,27,1 ,0 ,  175 ,  77
15,27,1 ,166 ,  83 ,  34
17,27,1 ,100 ,  103 ,  101
20,27,51 ,244 ,  244 ,  244
22,27,15 ,252 ,  195 ,  158
26,27,1 ,221 ,  196 ,  142
27,27,15 ,252 ,  195 ,  158
31,27,1 ,166 ,  83 ,  34
32,27,1 ,244 ,  244 ,  244
34,27,4369 ,244 ,  244 ,  244
36,27,3 ,252 ,  195 ,  158
38,27,1 ,221 ,  196 ,  142
39,27,1 ,252 ,  195 ,  158
40,27,1 ,221 ,  196 ,  142
41,27,17 ,252 ,  195 ,  158
42,27,1 ,221 ,  196 ,  142
45,27,273 ,21 ,  21 ,  21
46,27,7 ,247 ,  209 ,  18
49,27,1 ,166 ,  83 ,  34
50,27,1 ,21 ,  21 ,  21
51,27,1 ,166 ,  83 ,  34
52,27,15 ,21 ,  21 ,  21
56,27,51 ,21 ,  21 ,  21
60,27,1 ,166 ,  83 ,  34
61,27,1 ,0 ,  74 ,  45
62,27,1 ,221 ,  196 ,  142
63,27,1 ,0 ,  74 ,  45
2,28,17 ,21 ,  21 ,  21
3,28,3 ,0 ,  74 ,  45
5,28,1 ,166 ,  83 ,  34
6,28,3 ,21 ,  21 ,  21
8,28,7 ,247 ,  209 ,  18
13,28,1 ,100 ,  103 ,  101
14,28,1 ,21 ,  21 ,  21
15,28,1 ,0 ,  74 ,  45
16,28,17 ,21 ,  21 ,  21
17,28,1 ,166 ,  83 ,  34
19,28,273 ,245 ,  125 ,  32
22,28,15 ,244 ,  244 ,  244
26,28,1 ,244 ,  244 ,  244
27,28,1 ,252 ,  195 ,  158
28,28,7 ,244 ,  244 ,  244
31,28,1 ,245 ,  125 ,  32
32,28,51 ,244 ,  244 ,  244
35,28,1 ,245 ,  125 ,  32
36,28,1 ,229 ,  30 ,  38
37,28,7 ,252 ,  195 ,  158
40,28,273 ,244 ,  244 ,  244
42,28,273 ,252 ,  195 ,  158
43,28,17 ,245 ,  125 ,  32
44,28,17 ,21 ,  21 ,  21
46,28,7 ,247 ,  209 ,  18
49,28,1 ,166 ,  83 ,  34
50,28,51 ,247 ,  209 ,  18
52,28,1 ,166 ,  83 ,  34
53,28,1 ,0 ,  74 ,  45
54,28,3 ,21 ,  21 ,  21
58,28,15 ,21 ,  21 ,  21
62,28,51 ,21 ,  21 ,  21
0,29,17 ,21 ,  21 ,  21
1,29,1 ,0 ,  74 ,  45
3,29,1 ,247 ,  209 ,  18
4,29,7 ,0 ,  74 ,  45
7,29,1 ,166 ,  83 ,  34
8,29,1 ,0 ,  74 ,  45
9,29,1 ,100 ,  103 ,  101
10,29,1 ,0 ,  175 ,  77
11,29,1 ,0 ,  74 ,  45
12,29,1 ,0 ,  175 ,  77
13,29,7 ,247 ,  209 ,  18
17,29,17 ,221 ,  26 ,  33
18,29,4369 ,245 ,  125 ,  32
20,29,7 ,244 ,  244 ,  244
23,29,1 ,252 ,  195 ,  158
24,29,15 ,244 ,  244 ,  244
28,29,1 ,244 ,  244 ,  244
29,29,51 ,252 ,  195 ,  158
31,29,17 ,244 ,  244 ,  244
35,29,1 ,252 ,  195 ,  158
36,29,3 ,221 ,  196 ,  142
38,29,1 ,252 ,  195 ,  158
39,29,1 ,244 ,  244 ,  244
41,29,1 ,252 ,  195 ,  158
46,29,15 ,247 ,  209 ,  18
52,29,17 ,247 ,  209 ,  18
53,29,3 ,166 ,  83 ,  34
55,29,15 ,21 ,  21 ,  21
59,29,1 ,0 ,  74 ,  45
60,29,3 ,21 ,  21 ,  21
1,30,17 ,21 ,  21 ,  21
2,30,15 ,0 ,  74 ,  45
6,30,1 ,247 ,  209 ,  18
7,30,1 ,21 ,  21 ,  21
8,30,3 ,0 ,  74 ,  45
10,30,15 ,247 ,  209 ,  18
14,30,17 ,100 ,  103 ,  101
15,30,1 ,0 ,  74 ,  45
16,30,273 ,166 ,  83 ,  34
20,30,255 ,244 ,  244 ,  244
24,30,7 ,244 ,  244 ,  244
27,30,3 ,252 ,  195 ,  158
32,30,3 ,244 ,  244 ,  244
35,30,1 ,244 ,  244 ,  244
36,30,1 ,252 ,  195 ,  158
37,30,1 ,221 ,  196 ,  142
38,30,3 ,252 ,  195 ,  158
41,30,1 ,244 ,  244 ,  244
43,30,1 ,252 ,  195 ,  158
44,30,1 ,166 ,  83 ,  34
45,30,1 ,247 ,  209 ,  18
46,30,1 ,166 ,  83 ,  34
47,30,1 ,247 ,  209 ,  18
48,30,1 ,100 ,  103 ,  101
49,30,1 ,21 ,  21 ,  21
50,30,3 ,166 ,  83 ,  34
53,30,3 ,247 ,  209 ,  18
55,30,1 ,100 ,  103 ,  101
56,30,15 ,21 ,  21 ,  21
60,30,17 ,21 ,  21 ,  21
61,30,3 ,0 ,  74 ,  45
63,30,1 ,0 ,  175 ,  77
0,31,1 ,21 ,  21 ,  21
2,31,1 ,0 ,  74 ,  45
3,31,3 ,21 ,  21 ,  21
5,31,3 ,0 ,  74 ,  45
7,31,3 ,247 ,  209 ,  18
9,31,3 ,0 ,  74 ,  45
11,31,17 ,21 ,  21 ,  21
12,31,1 ,247 ,  209 ,  18
13,31,17 ,0 ,  74 ,  45
15,31,1 ,247 ,  209 ,  18
17,31,1 ,252 ,  195 ,  158
19,31,1 ,252 ,  195 ,  158
24,31,17 ,244 ,  244 ,  244
25,31,7 ,252 ,  195 ,  158
28,31,17 ,221 ,  196 ,  142
29,31,17 ,252 ,  195 ,  158
30,31,15 ,244 ,  244 ,  244
34,31,3 ,252 ,  195 ,  158
36,31,7 ,245 ,  125 ,  32
39,31,15 ,252 ,  195 ,  158
43,31,1 ,221 ,  196 ,  142
44,31,1 ,0 ,  74 ,  45
45,31,1 ,166 ,  83 ,  34
46,31,1 ,21 ,  21 ,  21
47,31,1 ,0 ,  74 ,  45
48,31,1 ,166 ,  83 ,  34
49,31,15 ,247 ,  209 ,  18
53,31,1 ,0 ,  74 ,  45
54,31,17 ,21 ,  21 ,  21
55,31,3 ,0 ,  74 ,  45
57,31,1 ,247 ,  209 ,  18
58,31,17 ,0 ,  74 ,  45
59,31,1 ,247 ,  209 ,  18
61,31,1 ,21 ,  21 ,  21
62,31,1 ,0 ,  175 ,  77
63,31,17 ,21 ,  21 ,  21
0,32,15 ,21 ,  21 ,  21
4,32,3 ,0 ,  74 ,  45
6,32,1 ,0 ,  175 ,  77
7,32,51 ,0 ,  74 ,  45
9,32,3 ,166 ,  83 ,  34
12,32,1 ,21 ,  21 ,  21
14,32,3 ,0 ,  74 ,  45
17,32,1 ,252 ,  195 ,  158
19,32,1 ,221 ,  26 ,  33
20,32,15 ,244 ,  244 ,  244
25,32,7 ,252 ,  195 ,  158
30,32,1 ,244 ,  244 ,  244
31,32,1 ,252 ,  195 ,  158
32,32,7 ,245 ,  125 ,  32
35,32,1 ,229 ,  30 ,  38
36,32,1 ,221 ,  26 ,  33
37,32,1 ,229 ,  30 ,  38
38,32,1 ,245 ,  125 ,  32
39,32,3 ,221 ,  196 ,  142
41,32,1 ,245 ,  125 ,  32
42,32,1 ,221 ,  196 ,  142
43,32,17 ,245 ,  125 ,  32
44,32,1 ,166 ,  83 ,  34
45,32,1 ,247 ,  209 ,  18
46,32,7 ,100 ,  103 ,  101
49,32,3 ,0 ,  74 ,  45
51,32,3 ,247 ,  209 ,  18
53,32,1 ,21 ,  21 ,  21
55,32,1 ,21 ,  21 ,  21
56,32,1 ,166 ,  83 ,  34
57,32,1 ,0 ,  74 ,  45
59,32,3 ,21 ,  21 ,  21
61,32,1 ,247 ,  209 ,  18
62,32,1 ,0 ,  74 ,  45
0,33,1 ,21 ,  21 ,  21
1,33,1 ,166 ,  83 ,  34
2,33,1 ,21 ,  21 ,  21
3,33,1 ,166 ,  83 ,  34
4,33,51 ,21 ,  21 ,  21
6,33,1 ,0 ,  74 ,  45
9,33,1 ,0 ,  74 ,  45
10,33,1 ,21 ,  21 ,  21
11,33,1 ,166 ,  83 ,  34
12,33,1 ,247 ,  209 ,  18
13,33,1 ,166 ,  83 ,  34
14,33,1 ,100 ,  103 ,  101
15,33,1 ,247 ,  209 ,  18
16,33,17 ,21 ,  21 ,  21
17,33,3 ,244 ,  244 ,  244
19,33,17 ,245 ,  125 ,  32
20,33,7 ,244 ,  244 ,  244
23,33,15 ,252 ,  195 ,  158
27,33,1 ,245 ,  125 ,  32
28,33,51 ,252 ,  195 ,  158
30,33,1 ,229 ,  30 ,  38
31,33,3 ,166 ,  83 ,  34
33,33,3 ,221 ,  26 ,  33
35,33,51 ,21 ,  21 ,  21
37,33,3 ,245 ,  125 ,  32
39,33,1 ,229 ,  30 ,  38
40,33,1 ,221 ,  196 ,  142
41,33,51 ,245 ,  125 ,  32
44,33,1 ,100 ,  103 ,  101
45,33,17 ,166 ,  83 ,  34
46,33,3 ,247 ,  209 ,  18
48,33,3 ,100 ,  103 ,  101
50,33,3 ,247 ,  209 ,  18
52,33,1 ,0 ,  74 ,  45
53,33,7 ,247 ,  209 ,  18
56,33,1 ,100 ,  103 ,  101
57,33,51 ,21 ,  21 ,  21
59,33,1 ,166 ,  83 ,  34
60,33,1 ,100 ,  103 ,  101
61,33,3 ,21 ,  21 ,  21
63,33,1 ,0 ,  74 ,  45
0,34,3 ,21 ,  21 ,  21
2,34,17 ,0 ,  74 ,  45
3,34,1 ,21 ,  21 ,  21
6,34,1 ,21 ,  21 ,  21
7,34,17 ,0 ,  74 ,  45
8,34,3 ,21 ,  21 ,  21
10,34,1 ,247 ,  209 ,  18
11,34,1 ,0 ,  74 ,  45
12,34,1 ,247 ,  209 ,  18
13,34,1 ,21 ,  21 ,  21
14,34,1 ,166 ,  83 ,  34
15,34,1 ,100 ,  103 ,  101
17,34,1 ,166 ,  83 ,  34
18,34,1 ,244 ,  244 ,  244
20,34,1 ,252 ,  195 ,  158
21,34,17 ,244 ,  244 ,  244
22,34,15 ,252 ,  195 ,  158
26,34,3 ,221 ,  196 ,  142
30,34,1 ,252 ,  195 ,  158
31,34,1 ,166 ,  83 ,  34
32,34,7 ,21 ,  21 ,  21
37,34,1 ,229 ,  30 ,  38
38,34,3 ,245 ,  125 ,  32
40,34,1 ,229 ,  30 ,  38
43,34,17 ,166 ,  83 ,  34
44,34,1 ,247 ,  209 ,  18
46,34,1 ,0 ,  74 ,  45
47,34,1 ,247 ,  209 ,  18
48,34,1 ,100 ,  103 ,  101
49,34,17 ,247 ,  209 ,  18
50,34,1 ,166 ,  83 ,  34
51,34,1 ,21 ,  21 ,  21
52,34,1 ,100 ,  103 ,  101
53,34,17 ,166 ,  83 ,  34
54,34,7 ,247 ,  209 ,  18
59,34,17 ,21 ,  21 ,  21
60,34,1 ,166 ,  83 ,  34
61,34,1 ,247 ,  209 ,  18
62,34,1 ,166 ,  83 ,  34
63,34,1 ,247 ,  209 ,  18
0,35,1 ,21 ,  21 ,  21
1,35,1 ,0 ,  74 ,  45
3,35,15 ,21 ,  21 ,  21
8,35,17 ,21 ,  21 ,  21
9,35,1 ,0 ,  74 ,  45
10,35,3 ,100 ,  103 ,  101
12,35,1 ,0 ,  74 ,  45
13,35,1 ,247 ,  209 ,  18
14,35,1 ,0 ,  74 ,  45
15,35,1 ,247 ,  209 ,  18
16,35,3 ,0 ,  74 ,  45
18,35,1 ,244 ,  244 ,  244
19,35,3 ,252 ,  195 ,  158
22,35,7 ,252 ,  195 ,  158
25,35,17 ,245 ,  125 ,  32
26,35,1 ,221 ,  196 ,  142
27,35,7 ,252 ,  195 ,  158
30,35,1 ,245 ,  125 ,  32
31,35,1 ,221 ,  26 ,  33
32,35,1 ,166 ,  83 ,  34
33,35,3 ,21 ,  21 ,  21
35,35,3 ,166 ,  83 ,  34
37,35,3 ,221 ,  26 ,  33
39,35,1 ,166 ,  83 ,  34
40,35,1 ,221 ,  26 ,  33
41,35,3 ,245 ,  125 ,  32
44,35,17 ,21 ,  21 ,  21
45,35,3 ,247 ,  209 ,  18
47,35,3 ,166 ,  83 ,  34
50,35,1 ,247 ,  209 ,  18
51,35,1 ,100 ,  103 ,  101
52,35,1 ,166 ,  83 ,  34
54,35,1 ,100 ,  103 ,  101
55,35,3 ,247 ,  209 ,  18
57,35,3 ,21 ,  21 ,  21
60,35,1 ,21 ,  21 ,  21
61,35,1 ,247 ,  209 ,  18
62,35,3 ,0 ,  74 ,  45
0,36,7 ,21 ,  21 ,  21
3,36,1 ,247 ,  209 ,  18
4,36,17 ,0 ,  74 ,  45
5,36,3 ,21 ,  21 ,  21
7,36,1 ,100 ,  103 ,  101
9,36,1 ,247 ,  209 ,  18
10,36,3 ,0 ,  74 ,  45
12,36,1 ,166 ,  83 ,  34
13,36,1 ,0 ,  74 ,  45
14,36,1 ,0 ,  175 ,  77
15,36,3 ,0 ,  74 ,  45
17,36,3 ,166 ,  83 ,  34
19,36,1 ,245 ,  125 ,  32
20,36,1 ,252 ,  195 ,  158
21,36,3 ,221 ,  196 ,  142
23,36,17 ,252 ,  195 ,  158
24,36,1 ,245 ,  125 ,  32
26,36,1 ,221 ,  26 ,  33
27,36,1 ,229 ,  30 ,  38
28,36,3 ,245 ,  125 ,  32
30,36,1 ,221 ,  196 ,  142
31,36,3 ,245 ,  125 ,  32
33,36,1 ,221 ,  26 ,  33
34,36,1 ,21 ,  21 ,  21
35,36,7 ,221 ,  26 ,  33
38,36,1 ,166 ,  83 ,  34
39,36,1 ,21 ,  21 ,  21
40,36,1 ,166 ,  83 ,  34
41,36,1 ,245 ,  125 ,  32
42,36,1 ,166 ,  83 ,  34
43,36,17 ,21 ,  21 ,  21
45,36,1 ,100 ,  103 ,  101
46,36,1 ,0 ,  74 ,  45
47,36,1 ,100 ,  103 ,  101
48,36,17 ,166 ,  83 ,  34
49,36,1 ,100 ,  103 ,  101
50,36,3 ,21 ,  21 ,  21
52,36,1 ,100 ,  103 ,  101
53,36,1 ,247 ,  209 ,  18
54,36,1 ,21 ,  21 ,  21
55,36,1 ,247 ,  209 ,  18
56,36,7 ,21 ,  21 ,  21
59,36,1 ,166 ,  83 ,  34
60,36,1 ,100 ,  103 ,  101
61,36,1 ,0 ,  74 ,  45
62,36,3 ,247 ,  209 ,  18
0,37,1 ,21 ,  21 ,  21
1,37,1 ,221 ,  196 ,  142
2,37,1 ,100 ,  103 ,  101
3,37,1 ,0 ,  74 ,  45
5,37,3 ,0 ,  74 ,  45
7,37,1 ,21 ,  21 ,  21
8,37,1 ,166 ,  83 ,  34
9,37,17 ,21 ,  21 ,  21
10,37,17 ,100 ,  103 ,  101
11,37,7 ,0 ,  74 ,  45
14,37,1 ,21 ,  21 ,  21
15,37,1 ,0 ,  74 ,  45
16,37,7 ,21 ,  21 ,  21
19,37,1 ,166 ,  83 ,  34
20,37,1 ,252 ,  195 ,  158
21,37,3 ,245 ,  125 ,  32
24,37,1 ,221 ,  196 ,  142
25,37,3 ,245 ,  125 ,  32
27,37,3 ,221 ,  26 ,  33
29,37,3 ,229 ,  30 ,  38
31,37,1 ,221 ,  26 ,  33
32,37,3 ,229 ,  30 ,  38
34,37,1 ,221 ,  26 ,  33
35,37,1 ,229 ,  30 ,  38
36,37,1 ,221 ,  26 ,  33
37,37,1 ,21 ,  21 ,  21
38,37,7 ,221 ,  26 ,  33
41,37,273 ,166 ,  83 ,  34
42,37,1 ,21 ,  21 ,  21
44,37,1 ,100 ,  103 ,  101
45,37,1 ,21 ,  21 ,  21
46,37,17 ,247 ,  209 ,  18
47,37,1 ,100 ,  103 ,  101
49,37,17 ,100 ,  103 ,  101
50,37,51 ,247 ,  209 ,  18
52,37,1 ,0 ,  175 ,  77
53,37,1 ,100 ,  103 ,  101
54,37,1 ,21 ,  21 ,  21
55,37,1 ,166 ,  83 ,  34
56,37,3 ,21 ,  21 ,  21
58,37,1 ,166 ,  83 ,  34
59,37,7 ,21 ,  21 ,  21
62,37,17 ,0 ,  74 ,  45
63,37,1 ,21 ,  21 ,  21
0,38,1 ,247 ,  209 ,  18
1,38,1 ,21 ,  21 ,  21
2,38,17 ,247 ,  209 ,  18
3,38,3 ,0 ,  74 ,  45
5,38,1 ,166 ,  83 ,  34
6,38,273 ,247 ,  209 ,  18
7,38,3 ,21 ,  21 ,  21
11,38,1 ,21 ,  21 ,  21
12,38,1 ,247 ,  209 ,  18
13,38,3 ,21 ,  21 ,  21
15,38,1 ,166 ,  83 ,  34
16,38,3 ,21 ,  21 ,  21
18,38,1 ,221 ,  196 ,  142
19,38,3 ,245 ,  125 ,  32
21,38,1 ,166 ,  83 ,  34
22,38,3 ,245 ,  125 ,  32
24,38,1 ,252 ,  195 ,  158
25,38,1 ,221 ,  196 ,  142
26,38,3 ,245 ,  125 ,  32
28,38,255 ,252 ,  195 ,  158
32,38,3 ,244 ,  244 ,  244
34,38,7 ,252 ,  195 ,  158
37,38,3 ,245 ,  125 ,  32
39,38,1 ,221 ,  26 ,  33
40,38,17 ,245 ,  125 ,  32
42,38,3 ,21 ,  21 ,  21
44,38,1 ,247 ,  209 ,  18
45,38,1 ,166 ,  83 ,  34
47,38,3 ,247 ,  209 ,  18
52,38,17 ,247 ,  209 ,  18
53,38,1 ,166 ,  83 ,  34
54,38,1 ,100 ,  103 ,  101
55,38,1 ,166 ,  83 ,  34
56,38,15 ,21 ,  21 ,  21
60,38,3 ,21 ,  21 ,  21
63,38,273 ,247 ,  209 ,  18
0,39,1 ,0 ,  175 ,  77
1,39,1 ,247 ,  209 ,  18
3,39,7 ,247 ,  209 ,  18
7,39,1 ,100 ,  103 ,  101
8,39,3 ,0 ,  74 ,  45
10,39,51 ,21 ,  21 ,  21
12,39,1 ,0 ,  74 ,  45
13,39,1 ,166 ,  83 ,  34
14,39,3 ,21 ,  21 ,  21
16,39,7 ,245 ,  125 ,  32
19,39,1 ,221 ,  196 ,  142
20,39,1 ,166 ,  83 ,  34
21,39,3 ,245 ,  125 ,  32
23,39,273 ,166 ,  83 ,  34
24,39,1 ,245 ,  125 ,  32
25,39,1 ,252 ,  195 ,  158
26,39,17 ,245 ,  125 ,  32
27,39,1 ,221 ,  196 ,  142
32,39,1 ,221 ,  196 ,  142
33,39,7 ,245 ,  125 ,  32
36,39,1 ,221 ,  196 ,  142
37,39,3 ,245 ,  125 ,  32
39,39,1 ,166 ,  83 ,  34
42,39,1 ,21 ,  21 ,  21
43,39,3 ,166 ,  83 ,  34
45,39,3 ,21 ,  21 ,  21
47,39,17 ,247 ,  209 ,  18
48,39,1 ,21 ,  21 ,  21
49,39,1 ,0 ,  74 ,  45
50,39,1 ,21 ,  21 ,  21
51,39,1 ,247 ,  209 ,  18
53,39,7 ,21 ,  21 ,  21
56,39,1 ,166 ,  83 ,  34
57,39,1 ,100 ,  103 ,  101
58,39,51 ,21 ,  21 ,  21
60,39,1 ,166 ,  83 ,  34
61,39,1 ,100 ,  103 ,  101
62,39,1 ,247 ,  209 ,  18
0,40,1 ,100 ,  103 ,  101
1,40,1 ,21 ,  21 ,  21
2,40,1 ,247 ,  209 ,  18
3,40,1 ,166 ,  83 ,  34
4,40,51 ,21 ,  21 ,  21
7,40,1 ,0 ,  74 ,  45
8,40,17 ,21 ,  21 ,  21
9,40,1 ,0 ,  74 ,  45
12,40,1 ,21 ,  21 ,  21
13,40,1 ,100 ,  103 ,  101
14,40,1 ,21 ,  21 ,  21
15,40,17 ,0 ,  74 ,  45
16,40,1 ,21 ,  21 ,  21
17,40,1 ,166 ,  83 ,  34
18,40,3 ,245 ,  125 ,  32
20,40,1 ,21 ,  21 ,  21
21,40,1 ,245 ,  125 ,  32
22,40,4369 ,166 ,  83 ,  34
24,40,3 ,245 ,  125 ,  32
27,40,1 ,252 ,  195 ,  158
28,40,1 ,221 ,  196 ,  142
29,40,273 ,252 ,  195 ,  158
30,40,51 ,221 ,  196 ,  142
32,40,4369 ,245 ,  125 ,  32
33,40,3 ,166 ,  83 ,  34
35,40,1 ,221 ,  26 ,  33
36,40,1 ,166 ,  83 ,  34
37,40,1 ,245 ,  125 ,  32
38,40,1 ,166 ,  83 ,  34
39,40,1 ,21 ,  21 ,  21
40,40,1 ,166 ,  83 ,  34
41,40,51 ,21 ,  21 ,  21
43,40,1 ,166 ,  83 ,  34
44,40,1 ,247 ,  209 ,  18
45,40,1 ,166 ,  83 ,  34
46,40,1 ,247 ,  209 ,  18
48,40,1 ,247 ,  209 ,  18
49,40,1 ,100 ,  103 ,  101
50,40,17 ,21 ,  21 ,  21
51,40,3 ,166 ,  83 ,  34
53,40,3 ,247 ,  209 ,  18
55,40,1 ,166 ,  83 ,  34
56,40,1 ,100 ,  103 ,  101
57,40,1 ,21 ,  21 ,  21
60,40,3 ,21 ,  21 ,  21
62,40,1 ,166 ,  83 ,  34
0,41,15 ,21 ,  21 ,  21
6,41,1 ,0 ,  175 ,  77
7,41,1 ,166 ,  83 ,  34
9,41,1 ,21 ,  21 ,  21
10,41,1 ,0 ,  74 ,  45
11,41,255 ,21 ,  21 ,  21
16,41,17 ,166 ,  83 ,  34
17,41,1 ,221 ,  26 ,  33
18,41,7 ,245 ,  125 ,  32
21,41,1 ,21 ,  21 ,  21
24,41,1 ,245 ,  125 ,  32
25,41,3 ,221 ,  196 ,  142
27,41,17 ,245 ,  125 ,  32
28,41,273 ,221 ,  196 ,  142
33,41,7 ,166 ,  83 ,  34
36,41,1 ,221 ,  26 ,  33
37,41,3 ,166 ,  83 ,  34
39,41,17 ,21 ,  21 ,  21
40,41,17 ,166 ,  83 ,  34
43,41,17 ,245 ,  125 ,  32
44,41,1 ,166 ,  83 ,  34
45,41,7 ,247 ,  209 ,  18
48,41,1 ,0 ,  74 ,  45
49,41,1 ,166 ,  83 ,  34
51,41,1 ,247 ,  209 ,  18
52,41,1 ,166 ,  83 ,  34
53,41,15 ,21 ,  21 ,  21
57,41,1 ,21 ,  21 ,  21
58,41,1 ,166 ,  83 ,  34
59,41,1 ,21 ,  21 ,  21
60,41,1 ,166 ,  83 ,  34
61,41,1 ,21 ,  21 ,  21
62,41,3 ,0 ,  74 ,  45
0,42,1 ,247 ,  209 ,  18
1,42,15 ,21 ,  21 ,  21
5,42,1 ,21 ,  21 ,  21
6,42,1 ,0 ,  74 ,  45
7,42,1 ,21 ,  21 ,  21
8,42,1 ,0 ,  74 ,  45
9,42,3 ,21 ,  21 ,  21
15,42,17 ,21 ,  21 ,  21
17,42,1 ,166 ,  83 ,  34
18,42,3 ,221 ,  26 ,  33
20,42,1 ,245 ,  125 ,  32
21,42,1 ,100 ,  103 ,  101
23,42,3 ,245 ,  125 ,  32
25,42,1 ,221 ,  196 ,  142
26,42,1 ,245 ,  125 ,  32
30,42,17 ,252 ,  195 ,  158
31,42,1 ,244 ,  244 ,  244
33,42,3 ,21 ,  21 ,  21
35,42,1 ,221 ,  26 ,  33
36,42,1 ,245 ,  125 ,  32
37,42,17 ,166 ,  83 ,  34
38,42,1 ,21 ,  21 ,  21
41,42,1 ,21 ,  21 ,  21
42,42,17 ,166 ,  83 ,  34
44,42,3 ,245 ,  125 ,  32
46,42,3 ,166 ,  83 ,  34
48,42,1 ,247 ,  209 ,  18
49,42,3 ,166 ,  83 ,  34
51,42,3 ,21 ,  21 ,  21
53,42,7 ,166 ,  83 ,  34
56,42,1 ,247 ,  209 ,  18
57,42,7 ,21 ,  21 ,  21
60,42,1 ,0 ,  175 ,  77
61,42,1 ,166 ,  83 ,  34
62,42,1 ,0 ,  74 ,  45
63,42,1 ,21 ,  21 ,  21
0,43,3 ,100 ,  103 ,  101
2,43,1 ,247 ,  209 ,  18
3,43,15 ,21 ,  21 ,  21
7,43,1 ,0 ,  74 ,  45
8,43,1 ,21 ,  21 ,  21
9,43,1 ,0 ,  74 ,  45
10,43,3 ,21 ,  21 ,  21
12,43,51 ,166 ,  83 ,  34
14,43,1 ,21 ,  21 ,  21
16,43,3 ,21 ,  21 ,  21
18,43,1 ,166 ,  83 ,  34
19,43,1 ,244 ,  244 ,  244
20,43,17 ,21 ,  21 ,  21
21,43,1 ,244 ,  244 ,  244
23,43,3 ,166 ,  83 ,  34
25,43,1 ,245 ,  125 ,  32
26,43,1 ,221 ,  196 ,  142
27,43,1 ,166 ,  83 ,  34
29,43,17 ,166 ,  83 ,  34
31,43,1 ,252 ,  195 ,  158
33,43,1 ,166 ,  83 ,  34
34,43,1 ,21 ,  21 ,  21
35,43,3 ,166 ,  83 ,  34
38,43,7 ,21 ,  21 ,  21
41,43,1 ,245 ,  125 ,  32
43,43,1 ,166 ,  83 ,  34
44,43,1 ,245 ,  125 ,  32
45,43,3 ,166 ,  83 ,  34
47,43,1 ,21 ,  21 ,  21
48,43,1 ,166 ,  83 ,  34
49,43,3 ,21 ,  21 ,  21
51,43,1 ,166 ,  83 ,  34
52,43,1 ,247 ,  209 ,  18
53,43,1 ,21 ,  21 ,  21
54,43,17 ,166 ,  83 ,  34
55,43,7 ,100 ,  103 ,  101
58,43,1 ,21 ,  21 ,  21
59,43,1 ,100 ,  103 ,  101
60,43,1 ,221 ,  196 ,  142
61,43,1 ,0 ,  74 ,  45
62,43,17 ,21 ,  21 ,  21
63,43,1 ,0 ,  74 ,  45
0,44,3 ,21 ,  21 ,  21
2,44,1 ,166 ,  83 ,  34
3,44,1 ,21 ,  21 ,  21
4,44,1 ,0 ,  74 ,  45
5,44,1 ,21 ,  21 ,  21
6,44,17 ,100 ,  103 ,  101
7,44,1 ,21 ,  21 ,  21
8,44,1 ,0 ,  74 ,  45
9,44,1 ,21 ,  21 ,  21
10,44,1 ,0 ,  74 ,  45
11,44,1 ,100 ,  103 ,  101
14,44,1 ,21 ,  21 ,  21
15,44,1 ,247 ,  209 ,  18
16,44,1 ,21 ,  21 ,  21
17,44,1 ,166 ,  83 ,  34
18,44,1 ,160 ,  161 ,  159
19,44,17 ,21 ,  21 ,  21
21,44,1 ,160 ,  161 ,  159
22,44,4369 ,244 ,  244 ,  244
23,44,1 ,21 ,  21 ,  21
24,44,3 ,166 ,  83 ,  34
26,44,1 ,245 ,  125 ,  32
27,44,1 ,166 ,  83 ,  34
28,44,1 ,245 ,  125 ,  32
30,44,7 ,166 ,  83 ,  34
33,44,1 ,245 ,  125 ,  32
34,44,3 ,166 ,  83 ,  34
36,44,255 ,21 ,  21 ,  21
40,44,1 ,21 ,  21 ,  21
41,44,1 ,160 ,  161 ,  159
42,44,1 ,21 ,  21 ,  21
43,44,7 ,247 ,  209 ,  18
46,44,15 ,166 ,  83 ,  34
50,44,1 ,166 ,  83 ,  34
51,44,1 ,245 ,  125 ,  32
52,44,3 ,166 ,  83 ,  34
55,44,1 ,21 ,  21 ,  21
56,44,17 ,166 ,  83 ,  34
57,44,3 ,247 ,  209 ,  18
59,44,3 ,21 ,  21 ,  21
61,44,1 ,247 ,  209 ,  18
63,44,1 ,100 ,  103 ,  101
0,45,3 ,21 ,  21 ,  21
2,45,1 ,100 ,  103 ,  101
3,45,3 ,21 ,  21 ,  21
5,45,17 ,0 ,  74 ,  45
7,45,1 ,100 ,  103 ,  101
8,45,7 ,166 ,  83 ,  34
11,45,1 ,21 ,  21 ,  21
12,45,1 ,247 ,  209 ,  18
13,45,273 ,166 ,  83 ,  34
14,45,7 ,21 ,  21 ,  21
17,45,1 ,244 ,  244 ,  244
18,45,1 ,0 ,  74 ,  45
20,45,1 ,160 ,  161 ,  159
21,45,17 ,100 ,  103 ,  101
23,45,273 ,252 ,  195 ,  158
24,45,15 ,21 ,  21 ,  21
28,45,1 ,166 ,  83 ,  34
29,45,1 ,21 ,  21 ,  21
30,45,3 ,166 ,  83 ,  34
32,45,1 ,21 ,  21 ,  21
33,45,1 ,166 ,  83 ,  34
34,45,51 ,21 ,  21 ,  21
40,45,1 ,245 ,  125 ,  32
41,45,17 ,21 ,  21 ,  21
42,45,1 ,0 ,  57 ,  94
43,45,1 ,166 ,  83 ,  34
44,45,1 ,247 ,  209 ,  18
45,45,1 ,166 ,  83 ,  34
46,45,3 ,247 ,  209 ,  18
48,45,1 ,166 ,  83 ,  34
49,45,3 ,247 ,  209 ,  18
51,45,17 ,166 ,  83 ,  34
52,45,3 ,247 ,  209 ,  18
54,45,17 ,245 ,  125 ,  32
55,45,1 ,247 ,  209 ,  18
57,45,15 ,166 ,  83 ,  34
61,45,1 ,245 ,  125 ,  32
62,45,17 ,247 ,  209 ,  18
63,45,1 ,21 ,  21 ,  21
0,46,15 ,21 ,  21 ,  21
4,46,1 ,100 ,  103 ,  101
6,46,1 ,21 ,  21 ,  21
7,46,1 ,166 ,  83 ,  34
8,46,1 ,100 ,  103 ,  101
9,46,3 ,21 ,  21 ,  21
11,46,3 ,166 ,  83 ,  34
14,46,1 ,0 ,  74 ,  45
15,46,3 ,244 ,  244 ,  244
17,46,1 ,0 ,  57 ,  94
18,46,1 ,21 ,  21 ,  21
19,46,17 ,160 ,  161 ,  159
20,46,1 ,100 ,  103 ,  101
24,46,1 ,221 ,  196 ,  142
25,46,15 ,21 ,  21 ,  21
29,46,255 ,21 ,  21 ,  21
33,46,1 ,21 ,  21 ,  21
36,46,7 ,21 ,  21 ,  21
39,46,3 ,166 ,  83 ,  34
42,46,4369 ,21 ,  21 ,  21
43,46,1 ,100 ,  103 ,  101
44,46,17 ,160 ,  161 ,  159
45,46,15 ,247 ,  209 ,  18
49,46,17 ,166 ,  83 ,  34
50,46,1 ,247 ,  209 ,  18
52,46,3 ,247 ,  209 ,  18
55,46,17 ,166 ,  83 ,  34
56,46,7 ,247 ,  209 ,  18
59,46,1 ,166 ,  83 ,  34
60,46,1 ,21 ,  21 ,  21
61,46,273 ,247 ,  209 ,  18
63,46,17 ,245 ,  125 ,  32
0,47,1 ,166 ,  83 ,  34
1,47,7 ,21 ,  21 ,  21
4,47,1 ,166 ,  83 ,  34
5,47,7 ,21 ,  21 ,  21
8,47,1 ,247 ,  209 ,  18
9,47,3 ,166 ,  83 ,  34
11,47,3 ,21 ,  21 ,  21
14,47,3 ,244 ,  244 ,  244
16,47,1 ,100 ,  103 ,  101
17,47,1 ,21 ,  21 ,  21
18,47,17 ,244 ,  244 ,  244
20,47,1 ,0 ,  57 ,  94
21,47,273 ,21 ,  21 ,  21
24,47,17 ,252 ,  195 ,  158
25,47,1 ,245 ,  125 ,  32
26,47,1 ,166 ,  83 ,  34
27,47,3 ,21 ,  21 ,  21
33,47,255 ,21 ,  21 ,  21
37,47,3 ,21 ,  21 ,  21
39,47,273 ,166 ,  83 ,  34
40,47,4369 ,245 ,  125 ,  32
41,47,4369 ,21 ,  21 ,  21
43,47,1 ,160 ,  161 ,  159
45,47,17 ,160 ,  161 ,  159
46,47,1 ,244 ,  244 ,  244
47,47,1 ,252 ,  195 ,  158
48,47,1 ,247 ,  209 ,  18
50,47,17 ,166 ,  83 ,  34
51,47,1 ,245 ,  125 ,  32
52,47,1 ,247 ,  209 ,  18
53,47,1 ,245 ,  125 ,  32
54,47,1 ,247 ,  209 ,  18
56,47,1 ,247 ,  209 ,  18
57,47,1 ,21 ,  21 ,  21
58,47,3 ,247 ,  209 ,  18
60,47,1 ,166 ,  83 ,  34
62,47,17 ,245 ,  125 ,  32
0,48,1 ,21 ,  21 ,  21
1,48,1 ,247 ,  209 ,  18
2,48,15 ,21 ,  21 ,  21
6,48,255 ,21 ,  21 ,  21
10,48,1 ,247 ,  209 ,  18
11,48,3 ,166 ,  83 ,  34
13,48,51 ,244 ,  244 ,  244
15,48,1 ,160 ,  161 ,  159
16,48,1 ,21 ,  21 ,  21
17,48,1 ,160 ,  161 ,  159
19,48,1 ,244 ,  244 ,  244
20,48,1 ,100 ,  103 ,  101
22,48,51 ,244 ,  244 ,  244
25,48,17 ,252 ,  195 ,  158
26,48,1 ,221 ,  196 ,  142
27,48,1 ,221 ,  26 ,  33
28,48,15 ,21 ,  21 ,  21
32,48,17 ,21 ,  21 ,  21
37,48,1 ,21 ,  21 ,  21
38,48,273 ,166 ,  83 ,  34
43,48,17 ,0 ,  57 ,  94
44,48,1 ,100 ,  103 ,  101
46,48,1 ,100 ,  103 ,  101
47,48,17 ,160 ,  161 ,  159
48,48,3 ,166 ,  83 ,  34
51,48,7 ,166 ,  83 ,  34
54,48,3 ,247 ,  209 ,  18
56,48,3 ,166 ,  83 ,  34
58,48,1 ,247 ,  209 ,  18
59,48,1 ,166 ,  83 ,  34
60,48,1 ,247 ,  209 ,  18
63,48,1 ,247 ,  209 ,  18
0,49,15 ,21 ,  21 ,  21
4,49,1 ,0 ,  74 ,  45
5,49,17 ,21 ,  21 ,  21
10,49,1 ,21 ,  21 ,  21
11,49,51 ,244 ,  244 ,  244
15,49,1 ,160 ,  161 ,  159
16,49,1 ,0 ,  57 ,  94
17,49,1 ,244 ,  244 ,  244
18,49,7 ,160 ,  161 ,  159
24,49,273 ,244 ,  244 ,  244
26,49,17 ,252 ,  195 ,  158
27,49,3 ,245 ,  125 ,  32
29,49,1 ,166 ,  83 ,  34
30,49,3 ,21 ,  21 ,  21
33,49,7 ,21 ,  21 ,  21
36,49,51 ,166 ,  83 ,  34
44,49,3 ,100 ,  103 ,  101
46,49,1 ,0 ,  57 ,  94
48,49,1 ,244 ,  244 ,  244
49,49,1 ,166 ,  83 ,  34
50,49,1 ,21 ,  21 ,  21
51,49,7 ,245 ,  125 ,  32
54,49,1 ,247 ,  209 ,  18
55,49,1 ,166 ,  83 ,  34
56,49,1 ,245 ,  125 ,  32
57,49,15 ,247 ,  209 ,  18
61,49,51 ,247 ,  209 ,  18
63,49,1 ,166 ,  83 ,  34
0,50,1 ,166 ,  83 ,  34
1,50,15 ,21 ,  21 ,  21
6,50,1 ,21 ,  21 ,  21
7,50,1 ,166 ,  83 ,  34
8,50,1 ,21 ,  21 ,  21
9,50,1 ,100 ,  103 ,  101
10,50,1 ,244 ,  244 ,  244
13,50,17 ,244 ,  244 ,  244
14,50,1 ,160 ,  161 ,  159
15,50,17 ,21 ,  21 ,  21
16,50,1 ,100 ,  103 ,  101
17,50,3 ,160 ,  161 ,  159
19,50,1 ,100 ,  103 ,  101
20,50,4369 ,21 ,  21 ,  21
21,50,1 ,221 ,  26 ,  33
22,50,51 ,244 ,  244 ,  244
25,50,1 ,252 ,  195 ,  158
27,50,51 ,252 ,  195 ,  158
29,50,1 ,245 ,  125 ,  32
30,50,3 ,166 ,  83 ,  34
32,50,17 ,221 ,  26 ,  33
33,50,3 ,166 ,  83 ,  34
35,50,1 ,21 ,  21 ,  21
39,50,1 ,245 ,  125 ,  32
42,50,3 ,21 ,  21 ,  21
44,50,17 ,0 ,  57 ,  94
45,50,1 ,100 ,  103 ,  101
46,50,1 ,160 ,  161 ,  159
47,50,1 ,21 ,  21 ,  21
48,50,1 ,100 ,  103 ,  101
49,50,17 ,160 ,  161 ,  159
50,50,1 ,221 ,  196 ,  142
51,50,1 ,166 ,  83 ,  34
52,50,3 ,245 ,  125 ,  32
54,50,7 ,247 ,  209 ,  18
57,50,17 ,166 ,  83 ,  34
58,50,51 ,247 ,  209 ,  18
60,50,1 ,21 ,  21 ,  21
63,50,273 ,247 ,  209 ,  18
0,51,1 ,21 ,  21 ,  21
1,51,1 ,166 ,  83 ,  34
2,51,15 ,21 ,  21 ,  21
6,51,3 ,21 ,  21 ,  21
8,51,15 ,244 ,  244 ,  244
12,51,17 ,244 ,  244 ,  244
14,51,1 ,160 ,  161 ,  159
16,51,3 ,244 ,  244 ,  244
18,51,3 ,160 ,  161 ,  159
21,51,1 ,229 ,  30 ,  38
25,51,17 ,244 ,  244 ,  244
26,51,1 ,252 ,  195 ,  158
29,51,3 ,221 ,  196 ,  142
31,51,17 ,245 ,  125 ,  32
33,51,1 ,166 ,  83 ,  34
34,51,1 ,221 ,  26 ,  33
35,51,3 ,166 ,  83 ,  34
37,51,1 ,245 ,  125 ,  32
38,51,3 ,221 ,  196 ,  142
40,51,1 ,245 ,  125 ,  32
41,51,51 ,21 ,  21 ,  21
43,51,1 ,0 ,  57 ,  94
45,51,1 ,0 ,  57 ,  94
46,51,1 ,0 ,  108 ,  183
47,51,1 ,0 ,  57 ,  94
48,51,1 ,160 ,  161 ,  159
50,51,1 ,245 ,  125 ,  32
51,51,1 ,252 ,  195 ,  158
52,51,1 ,244 ,  244 ,  244
53,51,1 ,245 ,  125 ,  32
54,51,17 ,221 ,  196 ,  142
55,51,1 ,166 ,  83 ,  34
56,51,1 ,247 ,  209 ,  18
60,51,51 ,247 ,  209 ,  18
62,51,1 ,221 ,  196 ,  142
0,52,1 ,166 ,  83 ,  34
1,52,1 ,21 ,  21 ,  21
2,52,1 ,166 ,  83 ,  34
3,52,3 ,0 ,  74 ,  45
5,52,3 ,21 ,  21 ,  21
7,52,7 ,244 ,  244 ,  244
10,52,1 ,160 ,  161 ,  159
11,52,1 ,244 ,  244 ,  244
13,52,4369 ,244 ,  244 ,  244
14,52,7 ,100 ,  103 ,  101
17,52,1 ,0 ,  57 ,  94
18,52,1 ,244 ,  244 ,  244
19,52,1 ,100 ,  103 ,  101
21,52,1 ,245 ,  125 ,  32
22,52,7 ,244 ,  244 ,  244
26,52,17 ,244 ,  244 ,  244
27,52,7 ,252 ,  195 ,  158
30,52,1 ,221 ,  196 ,  142
32,52,15 ,245 ,  125 ,  32
36,52,3 ,245 ,  125 ,  32
38,52,1 ,221 ,  196 ,  142
39,52,1 ,245 ,  125 ,  32
40,52,1 ,221 ,  196 ,  142
43,52,1 ,0 ,  57 ,  94
44,52,1 ,100 ,  103 ,  101
45,52,17 ,0 ,  57 ,  94
46,52,273 ,100 ,  103 ,  101
47,52,1 ,160 ,  161 ,  159
48,52,1 ,21 ,  21 ,  21
49,52,1 ,0 ,  153 ,  212
50,52,13107 ,244 ,  244 ,  244
52,52,1 ,252 ,  195 ,  158
53,52,1 ,166 ,  83 ,  34
55,52,1 ,244 ,  244 ,  244
56,52,1 ,245 ,  125 ,  32
57,52,7 ,247 ,  209 ,  18
62,52,273 ,247 ,  209 ,  18
0,53,1 ,0 ,  175 ,  77
1,53,1 ,0 ,  74 ,  45
2,53,3 ,21 ,  21 ,  21
4,53,3 ,166 ,  83 ,  34
6,53,1 ,244 ,  244 ,  244
7,53,3 ,160 ,  161 ,  159
9,53,255 ,244 ,  244 ,  244
14,53,1 ,160 ,  161 ,  159
15,53,1 ,21 ,  21 ,  21
16,53,1 ,100 ,  103 ,  101
17,53,1 ,244 ,  244 ,  244
18,53,1 ,160 ,  161 ,  159
19,53,1 ,244 ,  244 ,  244
21,53,1 ,229 ,  30 ,  38
22,53,15 ,244 ,  244 ,  244
27,53,65535 ,252 ,  195 ,  158
31,53,17 ,252 ,  195 ,  158
32,53,1 ,221 ,  196 ,  142
33,53,15 ,245 ,  125 ,  32
37,53,1 ,221 ,  196 ,  142
38,53,1 ,252 ,  195 ,  158
39,53,1 ,221 ,  196 ,  142
40,53,4369 ,252 ,  195 ,  158
41,53,4369 ,166 ,  83 ,  34
42,53,3 ,0 ,  57 ,  94
44,53,1 ,100 ,  103 ,  101
47,53,1 ,0 ,  108 ,  183
48,53,17 ,0 ,  57 ,  94
49,53,1 ,160 ,  161 ,  159
52,53,1 ,160 ,  161 ,  159
53,53,1 ,0 ,  153 ,  212
54,53,7 ,160 ,  161 ,  159
57,53,1 ,244 ,  244 ,  244
58,53,3 ,247 ,  209 ,  18
60,53,1 ,160 ,  161 ,  159
61,53,1 ,247 ,  209 ,  18
63,53,1 ,166 ,  83 ,  34
0,54,1 ,0 ,  74 ,  45
1,54,1 ,0 ,  175 ,  77
2,54,1 ,166 ,  83 ,  34
3,54,3 ,0 ,  74 ,  45
5,54,1 ,166 ,  83 ,  34
6,54,1 ,160 ,  161 ,  159
7,54,1 ,244 ,  244 ,  244
8,54,1 ,160 ,  161 ,  159
14,54,1 ,100 ,  103 ,  101
15,54,3 ,0 ,  57 ,  94
17,54,1 ,160 ,  161 ,  159
18,54,3 ,100 ,  103 ,  101
20,54,1 ,21 ,  21 ,  21
21,54,1 ,221 ,  26 ,  33
22,54,3 ,252 ,  195 ,  158
24,54,51 ,244 ,  244 ,  244
26,54,17 ,252 ,  195 ,  158
32,54,1 ,252 ,  195 ,  158
33,54,15 ,221 ,  196 ,  142
37,54,7 ,252 ,  195 ,  158
42,54,1 ,100 ,  103 ,  101
43,54,1 ,0 ,  108 ,  183
44,54,1 ,0 ,  57 ,  94
45,54,1 ,0 ,  108 ,  183
47,54,17 ,160 ,  161 ,  159
49,54,1 ,100 ,  103 ,  101
52,54,15 ,160 ,  161 ,  159
56,54,255 ,160 ,  161 ,  159
60,54,1 ,244 ,  244 ,  244
61,54,1 ,0 ,  74 ,  45
63,54,17 ,247 ,  209 ,  18
0,55,17 ,21 ,  21 ,  21
1,55,1 ,0 ,  74 ,  45
2,55,1 ,100 ,  103 ,  101
3,55,51 ,244 ,  244 ,  244
5,55,3 ,160 ,  161 ,  159
7,55,1 ,0 ,  153 ,  212
8,55,1 ,244 ,  244 ,  244
9,55,273 ,160 ,  161 ,  159
10,55,51 ,244 ,  244 ,  244
12,55,1 ,100 ,  103 ,  101
14,55,1 ,21 ,  21 ,  21
15,55,1 ,244 ,  244 ,  244
16,55,1 ,100 ,  103 ,  101
17,55,3 ,0 ,  108 ,  183
19,55,1 ,21 ,  21 ,  21
20,55,1 ,100 ,  103 ,  101
21,55,1 ,166 ,  83 ,  34
22,55,17 ,252 ,  195 ,  158
23,55,1 ,244 ,  244 ,  244
31,55,17 ,252 ,  195 ,  158
32,55,7 ,221 ,  196 ,  142
35,55,65535 ,252 ,  195 ,  158
39,55,273 ,252 ,  195 ,  158
42,55,3 ,0 ,  57 ,  94
44,55,1 ,160 ,  161 ,  159
45,55,3 ,100 ,  103 ,  101
48,55,17 ,160 ,  161 ,  159
49,55,1 ,21 ,  21 ,  21
52,55,4369 ,244 ,  244 ,  244
53,55,51 ,160 ,  161 ,  159
55,55,17 ,0 ,  153 ,  212
60,55,3 ,160 ,  161 ,  159
62,55,1 ,244 ,  244 ,  244
1,56,17 ,244 ,  244 ,  244
2,56,17 ,160 ,  161 ,  159
5,56,1 ,244 ,  244 ,  244
6,56,1 ,160 ,  161 ,  159
7,56,17 ,0 ,  108 ,  183
8,56,1 ,160 ,  161 ,  159
12,56,4369 ,244 ,  244 ,  244
13,56,3 ,100 ,  103 ,  101
15,56,3 ,0 ,  57 ,  94
17,56,3 ,100 ,  103 ,  101
19,56,17 ,0 ,  57 ,  94
20,56,1 ,166 ,  83 ,  34
21,56,273 ,245 ,  125 ,  32
23,56,17 ,252 ,  195 ,  158
24,56,7 ,244 ,  244 ,  244
32,56,7 ,252 ,  195 ,  158
42,56,1 ,160 ,  161 ,  159
43,56,3 ,100 ,  103 ,  101
45,56,1 ,0 ,  57 ,  94
46,56,17 ,100 ,  103 ,  101
47,56,1 ,244 ,  244 ,  244
49,56,1 ,0 ,  108 ,  183
50,56,3 ,160 ,  161 ,  159
56,56,1 ,160 ,  161 ,  159
57,56,17 ,0 ,  108 ,  183
58,56,3 ,160 ,  161 ,  159
60,56,1 ,0 ,  153 ,  212
61,56,7 ,160 ,  161 ,  159
0,57,1 ,160 ,  161 ,  159
3,57,7 ,160 ,  161 ,  159
6,57,17 ,0 ,  108 ,  183
8,57,1 ,0 ,  57 ,  94
10,57,51 ,244 ,  244 ,  244
13,57,1 ,160 ,  161 ,  159
14,57,1 ,100 ,  103 ,  101
15,57,1 ,160 ,  161 ,  159
16,57,1 ,100 ,  103 ,  101
17,57,1 ,160 ,  161 ,  159
18,57,1 ,0 ,  108 ,  183
20,57,1 ,21 ,  21 ,  21
22,57,1 ,252 ,  195 ,  158
24,57,1 ,252 ,  195 ,  158
25,57,1 ,244 ,  244 ,  244
26,57,1 ,252 ,  195 ,  158
27,57,17 ,244 ,  244 ,  244
28,57,15 ,252 ,  195 ,  158
32,57,7 ,252 ,  195 ,  158
40,57,4369 ,252 ,  195 ,  158
41,57,1 ,160 ,  161 ,  159
42,57,1 ,0 ,  57 ,  94
43,57,1 ,160 ,  161 ,  159
44,57,3 ,0 ,  108 ,  183
47,57,1 ,160 ,  161 ,  159
48,57,1 ,0 ,  153 ,  212
49,57,1 ,160 ,  161 ,  159
50,57,3 ,244 ,  244 ,  244
53,57,1 ,0 ,  153 ,  212
54,57,3 ,160 ,  161 ,  159
56,57,1 ,0 ,  108 ,  183
58,57,3 ,160 ,  161 ,  159
60,57,1 ,0 ,  108 ,  183
61,57,7 ,160 ,  161 ,  159
0,58,255 ,160 ,  161 ,  159
4,58,3 ,160 ,  161 ,  159
7,58,3 ,160 ,  161 ,  159
9,58,17 ,0 ,  57 ,  94
13,58,1 ,160 ,  161 ,  159
14,58,1 ,100 ,  103 ,  101
15,58,3 ,160 ,  161 ,  159
17,58,1 ,100 ,  103 ,  101
18,58,1 ,160 ,  161 ,  159
19,58,1 ,21 ,  21 ,  21
20,58,1 ,166 ,  83 ,  34
22,58,7 ,252 ,  195 ,  158
25,58,1 ,244 ,  244 ,  244
26,58,1 ,252 ,  195 ,  158
28,58,273 ,244 ,  244 ,  244
29,58,255 ,252 ,  195 ,  158
33,58,51 ,252 ,  195 ,  158
39,58,17 ,252 ,  195 ,  158
41,58,1 ,160 ,  161 ,  159
42,58,3 ,100 ,  103 ,  101
44,58,1 ,160 ,  161 ,  159
45,58,1 ,100 ,  103 ,  101
46,58,17 ,160 ,  161 ,  159
47,58,7 ,0 ,  108 ,  183
50,58,1 ,160 ,  161 ,  159
51,58,1 ,244 ,  244 ,  244
53,58,4369 ,244 ,  244 ,  244
54,58,1 ,0 ,  108 ,  183
55,58,17 ,0 ,  153 ,  212
56,58,1 ,160 ,  161 ,  159
57,58,1 ,0 ,  108 ,  183
58,58,15 ,160 ,  161 ,  159
62,58,1 ,160 ,  161 ,  159
63,58,17 ,0 ,  153 ,  212
4,59,1 ,244 ,  244 ,  244
5,59,1 ,0 ,  108 ,  183
6,59,1 ,0 ,  57 ,  94
7,59,1 ,0 ,  108 ,  183
8,59,1 ,160 ,  161 ,  159
10,59,1 ,244 ,  244 ,  244
11,59,17 ,0 ,  57 ,  94
13,59,1 ,244 ,  244 ,  244
14,59,1 ,160 ,  161 ,  159
15,59,1 ,100 ,  103 ,  101
16,59,17 ,160 ,  161 ,  159
17,59,17 ,0 ,  57 ,  94
18,59,3 ,100 ,  103 ,  101
20,59,4369 ,160 ,  161 ,  159
21,59,17 ,221 ,  196 ,  142
22,59,51 ,252 ,  195 ,  158
24,59,15 ,244 ,  244 ,  244
35,59,255 ,252 ,  195 ,  158
41,59,273 ,244 ,  244 ,  244
42,59,7 ,160 ,  161 ,  159
45,59,1 ,0 ,  108 ,  183
47,59,1 ,0 ,  108 ,  183
48,59,1 ,0 ,  57 ,  94
49,59,4369 ,160 ,  161 ,  159
50,59,1 ,0 ,  108 ,  183
51,59,13107 ,244 ,  244 ,  244
54,59,17 ,0 ,  108 ,  183
56,59,7 ,160 ,  161 ,  159
59,59,3 ,0 ,  153 ,  212
61,59,17 ,160 ,  161 ,  159
62,59,273 ,0 ,  153 ,  212
0,60,1 ,244 ,  244 ,  244
1,60,3 ,160 ,  161 ,  159
3,60,1 ,244 ,  244 ,  244
4,60,1 ,160 ,  161 ,  159
5,60,3 ,0 ,  108 ,  183
7,60,1 ,160 ,  161 ,  159
8,60,1 ,0 ,  153 ,  212
9,60,1 ,0 ,  57 ,  94
10,60,1 ,244 ,  244 ,  244
12,60,17 ,244 ,  244 ,  244
13,60,7 ,100 ,  103 ,  101
18,60,1 ,100 ,  103 ,  101
19,60,1 ,21 ,  21 ,  21
24,60,17 ,252 ,  195 ,  158
25,60,7 ,244 ,  244 ,  244
29,60,17 ,244 ,  244 ,  244
30,60,65535 ,252 ,  195 ,  158
34,60,17 ,252 ,  195 ,  158
39,60,17 ,244 ,  244 ,  244
42,60,1 ,160 ,  161 ,  159
43,60,1 ,0 ,  108 ,  183
44,60,1 ,100 ,  103 ,  101
45,60,1 ,160 ,  161 ,  159
46,60,3 ,100 ,  103 ,  101
48,60,1 ,160 ,  161 ,  159
50,60,273 ,244 ,  244 ,  244
55,60,17 ,0 ,  108 ,  183
56,60,15 ,0 ,  153 ,  212
60,60,17 ,160 ,  161 ,  159
63,60,4369 ,0 ,  108 ,  183
0,61,15 ,160 ,  161 ,  159
4,61,17 ,160 ,  161 ,  159
5,61,1 ,0 ,  108 ,  183
6,61,1 ,0 ,  57 ,  94
7,61,3 ,0 ,  108 ,  183
9,61,1 ,160 ,  161 ,  159
10,61,1 ,244 ,  244 ,  244
11,61,17 ,160 ,  161 ,  159
13,61,3 ,244 ,  244 ,  244
15,61,1 ,100 ,  103 ,  101
16,61,1 ,0 ,  57 ,  94
17,61,17 ,21 ,  21 ,  21
18,61,1 ,0 ,  57 ,  94
19,61,1 ,100 ,  103 ,  101
21,61,17 ,244 ,  244 ,  244
22,61,3 ,252 ,  195 ,  158
25,61,255 ,244 ,  244 ,  244
35,61,7 ,252 ,  195 ,  158
38,61,17 ,244 ,  244 ,  244
40,61,1 ,252 ,  195 ,  158
42,61,273 ,244 ,  244 ,  244
43,61,1 ,160 ,  161 ,  159
44,61,17 ,0 ,  57 ,  94
45,61,1 ,160 ,  161 ,  159
46,61,7 ,0 ,  108 ,  183
54,61,1 ,0 ,  108 ,  183
56,61,7 ,0 ,  108 ,  183
59,61,1 ,160 ,  161 ,  159
61,61,273 ,0 ,  153 ,  212
0,62,7 ,160 ,  161 ,  159
3,62,1 ,0 ,  108 ,  183
5,62,3 ,0 ,  108 ,  183
7,62,1 ,0 ,  57 ,  94
8,62,17 ,160 ,  161 ,  159
9,62,1 ,0 ,  153 ,  212
10,62,1 ,244 ,  244 ,  244
12,62,1 ,0 ,  153 ,  212
13,62,17 ,244 ,  244 ,  244
14,62,1 ,0 ,  57 ,  94
15,62,3 ,21 ,  21 ,  21
18,62,51 ,21 ,  21 ,  21
22,62,1 ,252 ,  195 ,  158
23,62,51 ,244 ,  244 ,  244
29,62,1 ,252 ,  195 ,  158
34,62,51 ,244 ,  244 ,  244
36,62,3 ,252 ,  195 ,  158
39,62,7 ,244 ,  244 ,  244
43,62,1 ,100 ,  103 ,  101
45,62,1 ,100 ,  103 ,  101
46,62,1 ,160 ,  161 ,  159
47,62,1 ,244 ,  244 ,  244
48,62,1 ,100 ,  103 ,  101
53,62,51 ,244 ,  244 ,  244
55,62,7 ,0 ,  108 ,  183
58,62,1 ,160 ,  161 ,  159
59,62,1 ,0 ,  153 ,  212
60,62,1 ,0 ,  108 ,  183
62,62,17 ,0 ,  108 ,  183
0,63,1 ,160 ,  161 ,  159
1,63,3 ,0 ,  153 ,  212
3,63,1 ,0 ,  108 ,  183
4,63,1 ,0 ,  153 ,  212
5,63,1 ,0 ,  108 ,  183
6,63,1 ,0 ,  57 ,  94
7,63,1 ,0 ,  108 ,  183
9,63,1 ,160 ,  161 ,  159
10,63,1 ,244 ,  244 ,  244
11,63,1 ,0 ,  108 ,  183
12,63,1 ,244 ,  244 ,  244
14,63,1 ,160 ,  161 ,  159
15,63,7 ,21 ,  21 ,  21
20,63,1 ,160 ,  161 ,  159
21,63,3 ,244 ,  244 ,  244
25,63,15 ,244 ,  244 ,  244
29,63,1 ,244 ,  244 ,  244
36,63,1 ,252 ,  195 ,  158
37,63,15 ,244 ,  244 ,  244
41,63,1 ,244 ,  244 ,  244
43,63,1 ,0 ,  108 ,  183
44,63,1 ,100 ,  103 ,  101
45,63,1 ,160 ,  161 ,  159
46,63,1 ,100 ,  103 ,  101
47,63,1 ,0 ,  108 ,  183
48,63,1 ,160 ,  161 ,  159
49,63,15 ,244 ,  244 ,  244
55,63,3 ,0 ,  108 ,  183
57,63,1 ,160 ,  161 ,  159
58,63,1 ,0 ,  153 ,  212
59,63,1 ,160 ,  161 ,  159
60,63,1 ,0 ,  153 ,  212
